#YYYY MM DD HH MM P(mm) PET(mm)
2009  5  6 17  0 0.00000 0.20998
2009  5  6 18  0 0.00000 0.36308
2009  5  6 19  0 0.00000 0.26338
2009  5  6 20  0 0.00000 0.17008
2009  5  6 21  0 0.00000 0.19394
2009  5  6 22  0 0.00000 0.22300
2009  5  6 23  0 0.00000 0.18875
2009  5  7  0  0 0.00000 0.06766
2009  5  7  1  0 0.00000 0.00326
2009  5  7  2  0 0.00000 0.00000
2009  5  7  3  0 0.00000 0.00000
2009  5  7  4  0 0.00000 0.00000
2009  5  7  5  0 0.00000 0.00000
2009  5  7  6  0 0.00000 0.00000
2009  5  7  7  0 0.00000 0.00000
2009  5  7  8  0 0.00000 0.00000
2009  5  7  9  0 0.00000 0.00000
2009  5  7 10  0 0.00000 0.00000
2009  5  7 11  0 0.00000 0.00017
2009  5  7 12  0 0.00000 0.02868
2009  5  7 13  0 0.00000 0.12886
2009  5  7 14  0 0.00000 0.24064
2009  5  7 15  0 0.00000 0.35611
2009  5  7 16  0 0.00000 0.42239
2009  5  7 17  0 0.00000 0.32903
2009  5  7 18  0 0.00000 0.38868
2009  5  7 19  0 0.00000 0.47508
2009  5  7 20  0 0.00000 0.32781
2009  5  7 21  0 0.00000 0.21618
2009  5  7 22  0 0.00000 0.19564
2009  5  7 23  0 0.00000 0.10711
2009  5  8  0  0 0.00000 0.02336
2009  5  8  1  0 0.00000 0.00113
2009  5  8  2  0 0.00000 0.00004
2009  5  8  3  0 0.00000 0.00000
2009  5  8  4  0 0.00000 0.00000
2009  5  8  5  0 0.00000 0.00000
2009  5  8  6  0 0.00000 0.00000
2009  5  8  7  0 0.00000 0.00000
2009  5  8  8  0 0.00000 0.00000
2009  5  8  9  0 0.00000 0.00000
2009  5  8 10  0 0.00000 0.00000
2009  5  8 11  0 0.00000 0.00013
2009  5  8 12  0 0.00000 0.02954
2009  5  8 13  0 0.00000 0.08977
2009  5  8 14  0 0.00000 0.18682
2009  5  8 15  0 0.00000 0.29518
2009  5  8 16  0 0.00000 0.29908
2009  5  8 17  0 0.00000 0.40670
2009  5  8 18  0 0.15094 0.46120
2009  5  8 19  0 0.05660 0.56192
2009  5  8 20  0 0.00000 0.50996
2009  5  8 21  0 0.00000 0.19523
2009  5  8 22  0 0.00000 0.04262
2009  5  8 23  0 0.00000 0.04838
2009  5  9  0  0 0.00000 0.02375
2009  5  9  1  0 0.00000 0.00200
2009  5  9  2  0 0.00000 0.00000
2009  5  9  3  0 0.00000 0.00000
2009  5  9  4  0 0.00000 0.00000
2009  5  9  5  0 0.00000 0.00000
2009  5  9  6  0 0.00000 0.00000
2009  5  9  7  0 0.00000 0.00000
2009  5  9  8  0 0.00000 0.00000
2009  5  9  9  0 0.00000 0.00000
2009  5  9 10  0 0.00000 0.00000
2009  5  9 11  0 0.00000 0.00030
2009  5  9 12  0 0.00000 0.02268
2009  5  9 13  0 0.00000 0.09070
2009  5  9 14  0 0.00000 0.21142
2009  5  9 15  0 0.00000 0.31504
2009  5  9 16  0 0.00000 0.32517
2009  5  9 17  0 1.00000 0.39706
2009  5  9 18  0 0.09434 0.35945
2009  5  9 19  0 0.00000 0.22790
2009  5  9 20  0 0.00000 0.18516
2009  5  9 21  0 0.00000 0.18111
2009  5  9 22  0 0.00000 0.15248
2009  5  9 23  0 0.00000 0.07741
2009  5 10  0  0 0.00000 0.01746
2009  5 10  1  0 0.00000 0.00120
2009  5 10  2  0 0.00000 0.00000
2009  5 10  3  0 0.00000 0.00000
2009  5 10  4  0 0.00000 0.00000
2009  5 10  5  0 0.00000 0.00000
2009  5 10  6  0 0.00000 0.00000
2009  5 10  7  0 0.00000 0.00000
2009  5 10  8  0 0.05660 0.00000
2009  5 10  9  0 0.00000 0.00000
2009  5 10 10  0 0.00000 0.00000
2009  5 10 11  0 0.00000 0.00019
2009  5 10 12  0 0.00000 0.02098
2009  5 10 13  0 0.00000 0.10464
2009  5 10 14  0 0.00000 0.16876
2009  5 10 15  0 0.83018 0.19588
2009  5 10 16  0 0.67925 0.12566
2009  5 10 17  0 0.00000 0.15240
2009  5 10 18  0 0.00000 0.19860
2009  5 10 19  0 0.00000 0.49113
2009  5 10 20  0 0.00000 0.57920
2009  5 10 21  0 0.00000 0.33211
2009  5 10 22  0 0.00000 0.19138
2009  5 10 23  0 0.00000 0.11942
2009  5 11  0  0 0.00000 0.03602
2009  5 11  1  0 0.00000 0.00254
2009  5 11  2  0 0.00000 0.00000
2009  5 11  3  0 0.00000 0.00000
2009  5 11  4  0 0.00000 0.00000
2009  5 11  5  0 0.00000 0.00000
2009  5 11  6  0 0.00000 0.00000
2009  5 11  7  0 0.00000 0.00000
2009  5 11  8  0 0.00000 0.00000
2009  5 11  9  0 0.00000 0.00000
2009  5 11 10  0 0.00000 0.00000
2009  5 11 11  0 0.00000 0.00012
2009  5 11 12  0 0.00000 0.01407
2009  5 11 13  0 0.00000 0.04921
2009  5 11 14  0 0.00000 0.15287
2009  5 11 15  0 0.00000 0.24276
2009  5 11 16  0 0.00000 0.22556
2009  5 11 17  0 0.00000 0.22522
2009  5 11 18  0 0.00000 0.39718
2009  5 11 19  0 0.00000 0.43320
2009  5 11 20  0 0.00000 0.38020
2009  5 11 21  0 0.00000 0.23643
2009  5 11 22  0 0.00000 0.13182
2009  5 11 23  0 0.00000 0.06636
2009  5 12  0  0 0.00000 0.01553
2009  5 12  1  0 0.00000 0.00122
2009  5 12  2  0 0.00000 0.00000
2009  5 12  3  0 0.00000 0.00000
2009  5 12  4  0 0.00000 0.00000
2009  5 12  5  0 0.00000 0.00000
2009  5 12  6  0 0.00000 0.00000
2009  5 12  7  0 0.00000 0.00000
2009  5 12  8  0 0.00000 0.00000
2009  5 12  9  0 0.00000 0.00000
2009  5 12 10  0 0.00000 0.00000
2009  5 12 11  0 0.00000 0.00019
2009  5 12 12  0 0.00000 0.01122
2009  5 12 13  0 0.00000 0.04336
2009  5 12 14  0 0.00000 0.08802
2009  5 12 15  0 0.00000 0.13436
2009  5 12 16  0 0.00000 0.15728
2009  5 12 17  0 0.00000 0.30014
2009  5 12 18  0 0.00000 0.34817
2009  5 12 19  0 0.00000 0.17090
2009  5 12 20  0 0.00000 0.07079
2009  5 12 21  0 0.00000 0.09420
2009  5 12 22  0 0.00000 0.11979
2009  5 12 23  0 0.00000 0.07396
2009  5 13  0  0 0.00000 0.01873
2009  5 13  1  0 0.00000 0.00152
2009  5 13  2  0 0.00000 0.00000
2009  5 13  3  0 0.00000 0.00000
2009  5 13  4  0 0.00000 0.00000
2009  5 13  5  0 0.00000 0.00000
2009  5 13  6  0 0.00000 0.00000
2009  5 13  7  0 0.00000 0.00000
2009  5 13  8  0 0.05660 0.00000
2009  5 13  9  0 0.00000 0.00000
2009  5 13 10  0 0.00000 0.00000
2009  5 13 11  0 0.00000 0.00008
2009  5 13 12  0 0.00000 0.01146
2009  5 13 13  0 0.00000 0.06645
2009  5 13 14  0 0.00000 0.17394
2009  5 13 15  0 0.00000 0.27872
2009  5 13 16  0 1.86792 0.31593
2009  5 13 17  0 0.47170 0.19032
2009  5 13 18  0 0.00000 0.12526
2009  5 13 19  0 5.49056 0.11250
2009  5 13 20  0 0.00000 0.04818
2009  5 13 21  0 0.00000 0.04270
2009  5 13 22  0 0.00000 0.08316
2009  5 13 23  0 0.00000 0.05561
2009  5 14  0  0 0.00000 0.01380
2009  5 14  1  0 0.00000 0.00150
2009  5 14  2  0 0.00000 0.00000
2009  5 14  3  0 0.00000 0.00000
2009  5 14  4  0 0.00000 0.00000
2009  5 14  5  0 0.00000 0.00000
2009  5 14  6  0 0.05660 0.00000
2009  5 14  7  0 0.00000 0.00000
2009  5 14  8  0 0.00000 0.00000
2009  5 14  9  0 0.00000 0.00000
2009  5 14 10  0 0.00000 0.00000
2009  5 14 11  0 0.00000 0.00004
2009  5 14 12  0 0.00000 0.00452
2009  5 14 13  0 0.00000 0.01852
2009  5 14 14  0 0.00000 0.05902
2009  5 14 15  0 0.00000 0.22812
2009  5 14 16  0 0.00000 0.31630
2009  5 14 17  0 0.00000 0.29377
2009  5 14 18  0 0.00000 0.25602
2009  5 14 19  0 0.18868 0.18288
2009  5 14 20  0 0.05660 0.14729
2009  5 14 21  0 0.15094 0.13001
2009  5 14 22  0 0.05660 0.08204
2009  5 14 23  0 0.00000 0.03988
2009  5 15  0  0 0.00000 0.01184
2009  5 15  1  0 0.00000 0.00076
2009  5 15  2  0 0.00000 0.00000
2009  5 15  3  0 0.00000 0.00000
2009  5 15  4  0 0.00000 0.00000
2009  5 15  5  0 0.00000 0.00000
2009  5 15  6  0 0.00000 0.00000
2009  5 15  7  0 0.00000 0.00000
2009  5 15  8  0 0.00000 0.00000
2009  5 15  9  0 0.00000 0.00000
2009  5 15 10  0 0.00000 0.00000
2009  5 15 11  0 0.11320 0.00007
2009  5 15 12  0 0.05660 0.00896
2009  5 15 13  0 0.00000 0.03838
2009  5 15 14  0 0.00000 0.10842
2009  5 15 15  0 0.00000 0.18096
2009  5 15 16  0 0.00000 0.23772
2009  5 15 17  0 0.00000 0.33858
2009  5 15 18  0 0.67924 0.20223
2009  5 15 19  0 10.24529 0.11757
2009  5 15 20  0 0.00000 0.12081
2009  5 15 21  0 0.00000 0.15431
2009  5 15 22  0 0.00000 0.14546
2009  5 15 23  0 0.00000 0.09027
2009  5 16  0  0 0.00000 0.02752
2009  5 16  1  0 0.30188 0.00094
2009  5 16  2  0 0.37736 0.00000
2009  5 16  3  0 0.00000 0.00000
2009  5 16  4  0 0.00000 0.00000
2009  5 16  5  0 0.00000 0.00000
2009  5 16  6  0 0.05660 0.00000
2009  5 16  7  0 0.00000 0.00000
2009  5 16  8  0 0.00000 0.00000
2009  5 16  9  0 0.00000 0.00000
2009  5 16 10  0 0.00000 0.00000
2009  5 16 11  0 0.00000 0.00106
2009  5 16 12  0 0.00000 0.04023
2009  5 16 13  0 0.00000 0.13259
2009  5 16 14  0 0.00000 0.13702
2009  5 16 15  0 0.00000 0.13221
2009  5 16 16  0 0.00000 0.14217
2009  5 16 17  0 0.00000 0.15760
2009  5 16 18  0 0.00000 0.22861
2009  5 16 19  0 0.00000 0.24670
2009  5 16 20  0 0.00000 0.18120
2009  5 16 21  0 0.00000 0.13855
2009  5 16 22  0 0.00000 0.10064
2009  5 16 23  0 0.00000 0.05073
2009  5 17  0  0 0.00000 0.01304
2009  5 17  1  0 0.00000 0.00058
2009  5 17  2  0 0.00000 0.00000
2009  5 17  3  0 0.00000 0.00000
2009  5 17  4  0 0.00000 0.00000
2009  5 17  5  0 0.00000 0.00000
2009  5 17  6  0 0.00000 0.00000
2009  5 17  7  0 0.00000 0.00000
2009  5 17  8  0 0.05660 0.00000
2009  5 17  9  0 0.00000 0.00000
2009  5 17 10  0 0.11320 0.00000
2009  5 17 11  0 0.05660 0.00007
2009  5 17 12  0 0.00000 0.00553
2009  5 17 13  0 0.00000 0.03082
2009  5 17 14  0 0.00000 0.08752
2009  5 17 15  0 0.05660 0.19583
2009  5 17 16  0 0.00000 0.37464
2009  5 17 17  0 0.00000 0.50976
2009  5 17 18  0 0.00000 0.39387
2009  5 17 19  0 0.00000 0.33128
2009  5 17 20  0 0.00000 0.32789
2009  5 17 21  0 0.00000 0.29485
2009  5 17 22  0 0.00000 0.21047
2009  5 17 23  0 0.00000 0.12148
2009  5 18  0  0 0.00000 0.04132
2009  5 18  1  0 0.00000 0.00366
2009  5 18  2  0 0.00000 0.00000
2009  5 18  3  0 0.00000 0.00000
2009  5 18  4  0 0.00000 0.00000
2009  5 18  5  0 0.00000 0.00000
2009  5 18  6  0 0.00000 0.00000
2009  5 18  7  0 0.00000 0.00000
2009  5 18  8  0 0.00000 0.00000
2009  5 18  9  0 0.00000 0.00000
2009  5 18 10  0 0.00000 0.00000
2009  5 18 11  0 0.00000 0.00007
2009  5 18 12  0 0.00000 0.01493
2009  5 18 13  0 0.00000 0.06908
2009  5 18 14  0 0.00000 0.14287
2009  5 18 15  0 0.00000 0.19560
2009  5 18 16  0 0.00000 0.33068
2009  5 18 17  0 0.00000 0.41517
2009  5 18 18  0 0.00000 0.40129
2009  5 18 19  0 0.00000 0.38412
2009  5 18 20  0 0.00000 0.33826
2009  5 18 21  0 0.00000 0.32889
2009  5 18 22  0 0.00000 0.25617
2009  5 18 23  0 0.00000 0.15221
2009  5 19  0  0 0.00000 0.05207
2009  5 19  1  0 0.00000 0.00432
2009  5 19  2  0 0.00000 0.00000
2009  5 19  3  0 0.00000 0.00000
2009  5 19  4  0 0.00000 0.00000
2009  5 19  5  0 0.00000 0.00000
2009  5 19  6  0 0.00000 0.00000
2009  5 19  7  0 0.00000 0.00000
2009  5 19  8  0 0.00000 0.00000
2009  5 19  9  0 0.00000 0.00000
2009  5 19 10  0 0.00000 0.00000
2009  5 19 11  0 0.00000 0.00016
2009  5 19 12  0 0.00000 0.02177
2009  5 19 13  0 0.00000 0.11278
2009  5 19 14  0 0.00000 0.16960
2009  5 19 15  0 0.00000 0.29217
2009  5 19 16  0 0.00000 0.45642
2009  5 19 17  0 0.00000 0.58290
2009  5 19 18  0 0.00000 0.52874
2009  5 19 19  0 0.00000 0.46788
2009  5 19 20  0 0.00000 0.47023
2009  5 19 21  0 0.00000 0.40425
2009  5 19 22  0 0.00000 0.29557
2009  5 19 23  0 0.00000 0.13180
2009  5 20  0  0 0.00000 0.02648
2009  5 20  1  0 0.00000 0.00286
2009  5 20  2  0 0.00000 0.00000
2009  5 20  3  0 0.00000 0.00000
2009  5 20  4  0 0.00000 0.00000
2009  5 20  5  0 0.00000 0.00000
2009  5 20  6  0 0.00000 0.00000
2009  5 20  7  0 0.00000 0.00000
2009  5 20  8  0 0.00000 0.00000
2009  5 20  9  0 0.00000 0.00000
2009  5 20 10  0 0.00000 0.00000
2009  5 20 11  0 0.00000 0.00014
2009  5 20 12  0 0.00000 0.02331
2009  5 20 13  0 0.00000 0.12009
2009  5 20 14  0 0.00000 0.19092
2009  5 20 15  0 0.00000 0.25849
2009  5 20 16  0 0.00000 0.36604
2009  5 20 17  0 0.00000 0.45365
2009  5 20 18  0 0.00000 0.42477
2009  5 20 19  0 0.00000 0.41129
2009  5 20 20  0 0.00000 0.39864
2009  5 20 21  0 0.00000 0.32811
2009  5 20 22  0 0.00000 0.22137
2009  5 20 23  0 0.00000 0.13394
2009  5 21  0  0 0.00000 0.04752
2009  5 21  1  0 0.00000 0.00426
2009  5 21  2  0 0.00000 0.00000
2009  5 21  3  0 0.00000 0.00000
2009  5 21  4  0 0.00000 0.00000
2009  5 21  5  0 0.00000 0.00000
2009  5 21  6  0 0.00000 0.00000
2009  5 21  7  0 0.00000 0.00000
2009  5 21  8  0 0.00000 0.00000
2009  5 21  9  0 0.00000 0.00000
2009  5 21 10  0 0.00000 0.00000
2009  5 21 11  0 0.00000 0.00010
2009  5 21 12  0 0.00000 0.01983
2009  5 21 13  0 0.00000 0.11540
2009  5 21 14  0 0.00000 0.23207
2009  5 21 15  0 0.00000 0.24914
2009  5 21 16  0 0.00000 0.35665
2009  5 21 17  0 0.15094 0.39756
2009  5 21 18  0 0.00000 0.26718
2009  5 21 19  0 0.00000 0.15277
2009  5 21 20  0 0.00000 0.25406
2009  5 21 21  0 0.00000 0.23593
2009  5 21 22  0 0.00000 0.11913
2009  5 21 23  0 0.00000 0.05595
2009  5 22  0  0 0.00000 0.01746
2009  5 22  1  0 0.00000 0.00162
2009  5 22  2  0 0.00000 0.00000
2009  5 22  3  0 0.00000 0.00000
2009  5 22  4  0 0.00000 0.00000
2009  5 22  5  0 0.00000 0.00000
2009  5 22  6  0 0.00000 0.00000
2009  5 22  7  0 0.00000 0.00000
2009  5 22  8  0 0.00000 0.00000
2009  5 22  9  0 0.00000 0.00000
2009  5 22 10  0 0.00000 0.00000
2009  5 22 11  0 0.00000 0.00010
2009  5 22 12  0 0.00000 0.02327
2009  5 22 13  0 0.00000 0.14862
2009  5 22 14  0 0.00000 0.24696
2009  5 22 15  0 0.00000 0.24588
2009  5 22 16  0 0.00000 0.32185
2009  5 22 17  0 0.09434 0.28135
2009  5 22 18  0 0.77358 0.17477
2009  5 22 19  0 0.00000 0.17794
2009  5 22 20  0 0.18868 0.16412
2009  5 22 21  0 7.15094 0.10994
2009  5 22 22  0 2.00000 0.06753
2009  5 22 23  0 0.24528 0.04042
2009  5 23  0  0 0.00000 0.01365
2009  5 23  1  0 0.11320 0.00096
2009  5 23  2  0 0.00000 0.00000
2009  5 23  3  0 0.00000 0.00000
2009  5 23  4  0 0.09434 0.00000
2009  5 23  5  0 0.05660 0.00000
2009  5 23  6  0 0.00000 0.00000
2009  5 23  7  0 0.18868 0.00000
2009  5 23  8  0 1.35848 0.00000
2009  5 23  9  0 0.00000 0.00000
2009  5 23 10  0 0.00000 0.00000
2009  5 23 11  0 0.05660 0.00004
2009  5 23 12  0 0.00000 0.02167
2009  5 23 13  0 0.00000 0.08080
2009  5 23 14  0 0.00000 0.13011
2009  5 23 15  0 0.00000 0.21313
2009  5 23 16  0 0.00000 0.28554
2009  5 23 17  0 0.00000 0.40596
2009  5 23 18  0 0.00000 0.42062
2009  5 23 19  0 0.00000 0.42449
2009  5 23 20  0 0.00000 0.33154
2009  5 23 21  0 0.00000 0.23463
2009  5 23 22  0 0.00000 0.15594
2009  5 23 23  0 0.00000 0.08013
2009  5 24  0  0 0.00000 0.02322
2009  5 24  1  0 0.00000 0.00120
2009  5 24  2  0 0.15094 0.00000
2009  5 24  3  0 0.33962 0.00000
2009  5 24  4  0 0.05660 0.00000
2009  5 24  5  0 0.00000 0.00000
2009  5 24  6  0 0.00000 0.00000
2009  5 24  7  0 0.00000 0.00000
2009  5 24  8  0 0.00000 0.00000
2009  5 24  9  0 0.00000 0.00000
2009  5 24 10  0 0.00000 0.00000
2009  5 24 11  0 0.00000 0.00007
2009  5 24 12  0 0.00000 0.00767
2009  5 24 13  0 0.20754 0.04838
2009  5 24 14  0 0.00000 0.06928
2009  5 24 15  0 0.00000 0.08312
2009  5 24 16  0 0.00000 0.11292
2009  5 24 17  0 0.00000 0.28488
2009  5 24 18  0 0.00000 0.43964
2009  5 24 19  0 0.00000 0.34421
2009  5 24 20  0 0.05660 0.20541
2009  5 24 21  0 0.00000 0.13226
2009  5 24 22  0 0.00000 0.08568
2009  5 24 23  0 0.00000 0.05028
2009  5 25  0  0 0.00000 0.01708
2009  5 25  1  0 0.00000 0.00174
2009  5 25  2  0 0.00000 0.00000
2009  5 25  3  0 0.00000 0.00000
2009  5 25  4  0 0.00000 0.00000
2009  5 25  5  0 0.00000 0.00000
2009  5 25  6  0 0.00000 0.00000
2009  5 25  7  0 0.00000 0.00000
2009  5 25  8  0 0.00000 0.00000
2009  5 25  9  0 0.00000 0.00000
2009  5 25 10  0 0.00000 0.00000
2009  5 25 11  0 0.00000 0.00012
2009  5 25 12  0 0.00000 0.03290
2009  5 25 13  0 0.00000 0.14037
2009  5 25 14  0 0.00000 0.21985
2009  5 25 15  0 0.00000 0.21085
2009  5 25 16  0 0.00000 0.26310
2009  5 25 17  0 0.00000 0.34736
2009  5 25 18  0 0.00000 0.29225
2009  5 25 19  0 0.00000 0.36150
2009  5 25 20  0 0.00000 0.37561
2009  5 25 21  0 0.00000 0.20386
2009  5 25 22  0 0.00000 0.08686
2009  5 25 23  0 0.00000 0.05504
2009  5 26  0  0 0.00000 0.03089
2009  5 26  1  0 0.00000 0.00767
2009  5 26  2  0 0.00000 0.00000
2009  5 26  3  0 0.00000 0.00000
2009  5 26  4  0 0.00000 0.00000
2009  5 26  5  0 0.00000 0.00000
2009  5 26  6  0 0.00000 0.00000
2009  5 26  7  0 0.00000 0.00000
2009  5 26  8  0 0.00000 0.00000
2009  5 26  9  0 0.00000 0.00000
2009  5 26 10  0 0.00000 0.00000
2009  5 26 11  0 0.00000 0.00017
2009  5 26 12  0 0.00000 0.03672
2009  5 26 13  0 0.00000 0.12657
2009  5 26 14  0 0.00000 0.23669
2009  5 26 15  0 0.00000 0.33651
2009  5 26 16  0 2.01886 0.27894
2009  5 26 17  0 0.00000 0.15384
2009  5 26 18  0 0.00000 0.23334
2009  5 26 19  0 0.00000 0.28453
2009  5 26 20  0 0.00000 0.22946
2009  5 26 21  0 0.00000 0.12470
2009  5 26 22  0 0.00000 0.04242
2009  5 26 23  0 0.05660 0.01664
2009  5 27  0  0 0.00000 0.00645
2009  5 27  1  0 0.00000 0.00080
2009  5 27  2  0 0.00000 0.00000
2009  5 27  3  0 0.00000 0.00000
2009  5 27  4  0 0.00000 0.00000
2009  5 27  5  0 0.00000 0.00000
2009  5 27  6  0 0.00000 0.00000
2009  5 27  7  0 0.00000 0.00000
2009  5 27  8  0 0.00000 0.00000
2009  5 27  9  0 0.00000 0.00000
2009  5 27 10  0 0.00000 0.00000
2009  5 27 11  0 0.00000 0.00011
2009  5 27 12  0 0.00000 0.01111
2009  5 27 13  0 0.00000 0.07503
2009  5 27 14  0 0.00000 0.14778
2009  5 27 15  0 0.00000 0.12976
2009  5 27 16  0 0.00000 0.16251
2009  5 27 17  0 0.00000 0.20259
2009  5 27 18  0 0.00000 0.22400
2009  5 27 19  0 0.00000 0.27233
2009  5 27 20  0 0.00000 0.22324
2009  5 27 21  0 0.00000 0.16338
2009  5 27 22  0 0.00000 0.17457
2009  5 27 23  0 0.00000 0.09384
2009  5 28  0  0 0.00000 0.02005
2009  5 28  1  0 0.00000 0.00354
2009  5 28  2  0 0.00000 0.00000
2009  5 28  3  0 0.00000 0.00000
2009  5 28  4  0 0.00000 0.00000
2009  5 28  5  0 0.00000 0.00000
2009  5 28  6  0 0.00000 0.00000
2009  5 28  7  0 0.00000 0.00000
2009  5 28  8  0 0.00000 0.00000
2009  5 28  9  0 0.00000 0.00000
2009  5 28 10  0 0.00000 0.00000
2009  5 28 11  0 0.00000 0.00007
2009  5 28 12  0 0.00000 0.01412
2009  5 28 13  0 0.00000 0.08135
2009  5 28 14  0 0.00000 0.18410
2009  5 28 15  0 0.00000 0.20580
2009  5 28 16  0 0.00000 0.28042
2009  5 28 17  0 0.00000 0.47840
2009  5 28 18  0 0.00000 0.53595
2009  5 28 19  0 0.00000 0.36410
2009  5 28 20  0 0.00000 0.26104
2009  5 28 21  0 0.00000 0.18340
2009  5 28 22  0 0.00000 0.09974
2009  5 28 23  0 0.00000 0.04926
2009  5 29  0  0 0.00000 0.01597
2009  5 29  1  0 2.45283 0.00199
2009  5 29  2  0 0.00000 0.00000
2009  5 29  3  0 0.00000 0.00000
2009  5 29  4  0 0.05660 0.00000
2009  5 29  5  0 0.00000 0.00000
2009  5 29  6  0 0.00000 0.00000
2009  5 29  7  0 0.00000 0.00000
2009  5 29  8  0 0.00000 0.00000
2009  5 29  9  0 0.00000 0.00000
2009  5 29 10  0 0.00000 0.00000
2009  5 29 11  0 0.00000 0.00007
2009  5 29 12  0 0.00000 0.01776
2009  5 29 13  0 0.00000 0.05919
2009  5 29 14  0 0.00000 0.08831
2009  5 29 15  0 0.00000 0.18395
2009  5 29 16  0 0.00000 0.39938
2009  5 29 17  0 0.00000 0.51607
2009  5 29 18  0 0.00000 0.45299
2009  5 29 19  0 0.00000 0.44858
2009  5 29 20  0 1.15094 0.30318
2009  5 29 21  0 0.00000 0.12482
2009  5 29 22  0 0.24528 0.04237
2009  5 29 23  0 0.11320 0.02866
2009  5 30  0  0 0.00000 0.01833
2009  5 30  1  0 0.00000 0.00344
2009  5 30  2  0 0.00000 0.00000
2009  5 30  3  0 0.00000 0.00000
2009  5 30  4  0 0.00000 0.00000
2009  5 30  5  0 0.00000 0.00000
2009  5 30  6  0 0.00000 0.00000
2009  5 30  7  0 0.00000 0.00000
2009  5 30  8  0 0.00000 0.00000
2009  5 30  9  0 0.00000 0.00000
2009  5 30 10  0 0.00000 0.00000
2009  5 30 11  0 0.00000 0.00039
2009  5 30 12  0 0.00000 0.01120
2009  5 30 13  0 0.00000 0.05785
2009  5 30 14  0 0.00000 0.11598
2009  5 30 15  0 0.00000 0.23703
2009  5 30 16  0 0.00000 0.26211
2009  5 30 17  0 0.00000 0.40226
2009  5 30 18  0 3.88679 0.33190
2009  5 30 19  0 0.83018 0.10370
2009  5 30 20  0 0.00000 0.09406
2009  5 30 21  0 0.00000 0.18456
2009  5 30 22  0 0.00000 0.18311
2009  5 30 23  0 0.00000 0.09989
2009  5 31  0  0 0.05660 0.02758
2009  5 31  1  0 0.00000 0.00275
2009  5 31  2  0 0.00000 0.00000
2009  5 31  3  0 0.00000 0.00000
2009  5 31  4  0 0.00000 0.00000
2009  5 31  5  0 0.00000 0.00000
2009  5 31  6  0 0.00000 0.00000
2009  5 31  7  0 0.05660 0.00000
2009  5 31  8  0 0.00000 0.00000
2009  5 31  9  0 0.00000 0.00000
2009  5 31 10  0 0.00000 0.00000
2009  5 31 11  0 0.00000 0.00001
2009  5 31 12  0 0.00000 0.00190
2009  5 31 13  0 0.00000 0.01889
2009  5 31 14  0 0.00000 0.03175
2009  5 31 15  0 0.00000 0.07136
2009  5 31 16  0 0.00000 0.14678
2009  5 31 17  0 0.00000 0.25946
2009  5 31 18  0 0.00000 0.28566
2009  5 31 19  0 1.73584 0.16634
2009  5 31 20  0 1.09434 0.04986
2009  5 31 21  0 0.24528 0.00851
2009  5 31 22  0 0.49056 0.00309
2009  5 31 23  0 0.26414 0.00311
2009  6  1  0  0 0.30188 0.00148
2009  6  1  1  0 0.15094 0.00022
2009  6  1  2  0 0.05660 0.00000
2009  6  1  3  0 0.00000 0.00000
2009  6  1  4  0 0.05660 0.00000
2009  6  1  5  0 0.05660 0.00000
2009  6  1  6  0 0.00000 0.00000
2009  6  1  7  0 0.00000 0.00000
2009  6  1  8  0 0.00000 0.00000
2009  6  1  9  0 0.00000 0.00000
2009  6  1 10  0 0.00000 0.00000
2009  6  1 11  0 0.05660 0.00027
2009  6  1 12  0 0.05660 0.02000
2009  6  1 13  0 0.00000 0.06558
2009  6  1 14  0 0.00000 0.08112
2009  6  1 15  0 0.00000 0.16843
2009  6  1 16  0 0.00000 0.36271
2009  6  1 17  0 0.00000 0.31365
2009  6  1 18  0 0.00000 0.15773
2009  6  1 19  0 0.00000 0.12826
2009  6  1 20  0 0.00000 0.13616
2009  6  1 21  0 0.00000 0.11721
2009  6  1 22  0 0.00000 0.09504
2009  6  1 23  0 0.00000 0.05110
2009  6  2  0  0 0.00000 0.01165
2009  6  2  1  0 0.00000 0.00050
2009  6  2  2  0 0.00000 0.00000
2009  6  2  3  0 0.00000 0.00000
2009  6  2  4  0 0.00000 0.00000
2009  6  2  5  0 0.00000 0.00000
2009  6  2  6  0 0.00000 0.00000
2009  6  2  7  0 0.00000 0.00000
2009  6  2  8  0 0.00000 0.00000
2009  6  2  9  0 0.00000 0.00000
2009  6  2 10  0 0.00000 0.00000
2009  6  2 11  0 0.00000 0.00020
2009  6  2 12  0 0.00000 0.02552
2009  6  2 13  0 0.00000 0.12474
2009  6  2 14  0 0.00000 0.26400
2009  6  2 15  0 0.00000 0.31948
2009  6  2 16  0 0.00000 0.27110
2009  6  2 17  0 0.00000 0.22038
2009  6  2 18  0 0.00000 0.26158
2009  6  2 19  0 0.00000 0.30196
2009  6  2 20  0 0.00000 0.22611
2009  6  2 21  0 0.18868 0.12510
2009  6  2 22  0 0.00000 0.09283
2009  6  2 23  0 0.00000 0.07376
2009  6  3  0  0 0.00000 0.02863
2009  6  3  1  0 0.00000 0.00310
2009  6  3  2  0 0.00000 0.00000
2009  6  3  3  0 0.00000 0.00000
2009  6  3  4  0 0.00000 0.00000
2009  6  3  5  0 0.00000 0.00000
2009  6  3  6  0 0.00000 0.00000
2009  6  3  7  0 0.00000 0.00000
2009  6  3  8  0 0.00000 0.00000
2009  6  3  9  0 0.00000 0.00000
2009  6  3 10  0 0.00000 0.00000
2009  6  3 11  0 0.00000 0.00020
2009  6  3 12  0 0.05660 0.01722
2009  6  3 13  0 0.00000 0.06436
2009  6  3 14  0 0.00000 0.22453
2009  6  3 15  0 0.00000 0.33967
2009  6  3 16  0 0.00000 0.22340
2009  6  3 17  0 0.00000 0.21047
2009  6  3 18  0 0.00000 0.17856
2009  6  3 19  0 0.00000 0.10476
2009  6  3 20  0 0.00000 0.12766
2009  6  3 21  0 0.00000 0.24878
2009  6  3 22  0 0.00000 0.23468
2009  6  3 23  0 0.00000 0.12657
2009  6  4  0  0 0.00000 0.03827
2009  6  4  1  0 0.00000 0.00324
2009  6  4  2  0 0.00000 0.00000
2009  6  4  3  0 0.00000 0.00000
2009  6  4  4  0 0.00000 0.00000
2009  6  4  5  0 0.00000 0.00000
2009  6  4  6  0 0.00000 0.00000
2009  6  4  7  0 0.00000 0.00000
2009  6  4  8  0 0.00000 0.00000
2009  6  4  9  0 0.00000 0.00000
2009  6  4 10  0 0.00000 0.00000
2009  6  4 11  0 0.00000 0.00033
2009  6  4 12  0 0.00000 0.02358
2009  6  4 13  0 0.00000 0.11647
2009  6  4 14  0 0.00000 0.19075
2009  6  4 15  0 0.00000 0.21606
2009  6  4 16  0 0.83018 0.17734
2009  6  4 17  0 0.00000 0.23483
2009  6  4 18  0 0.00000 0.25416
2009  6  4 19  0 3.69811 0.16893
2009  6  4 20  0 9.09435 0.05451
2009  6  4 21  0 0.05660 0.01151
2009  6  4 22  0 0.00000 0.01304
2009  6  4 23  0 0.00000 0.02222
2009  6  5  0  0 0.05660 0.01253
2009  6  5  1  0 0.00000 0.00132
2009  6  5  2  0 0.00000 0.00000
2009  6  5  3  0 0.00000 0.00000
2009  6  5  4  0 0.00000 0.00000
2009  6  5  5  0 0.00000 0.00000
2009  6  5  6  0 0.00000 0.00000
2009  6  5  7  0 0.00000 0.00000
2009  6  5  8  0 0.00000 0.00000
2009  6  5  9  0 0.00000 0.00000
2009  6  5 10  0 0.00000 0.00000
2009  6  5 11  0 0.00000 0.00014
2009  6  5 12  0 0.00000 0.01869
2009  6  5 13  0 0.00000 0.06963
2009  6  5 14  0 0.00000 0.10066
2009  6  5 15  0 0.00000 0.20857
2009  6  5 16  0 0.00000 0.27190
2009  6  5 17  0 0.54716 0.14735
2009  6  5 18  0 0.00000 0.04682
2009  6  5 19  0 0.30188 0.01948
2009  6  5 20  0 0.26414 0.01685
2009  6  5 21  0 0.20754 0.01949
2009  6  5 22  0 0.11320 0.02106
2009  6  5 23  0 0.05660 0.01444
2009  6  6  0  0 0.00000 0.00418
2009  6  6  1  0 0.00000 0.00029
2009  6  6  2  0 0.05660 0.00000
2009  6  6  3  0 0.00000 0.00000
2009  6  6  4  0 0.00000 0.00000
2009  6  6  5  0 0.00000 0.00000
2009  6  6  6  0 0.00000 0.00000
2009  6  6  7  0 0.05660 0.00000
2009  6  6  8  0 0.00000 0.00000
2009  6  6  9  0 0.09434 0.00000
2009  6  6 10  0 0.11320 0.00000
2009  6  6 11  0 1.05660 0.00001
2009  6  6 12  0 0.09434 0.00138
2009  6  6 13  0 0.00000 0.05514
2009  6  6 14  0 0.00000 0.19614
2009  6  6 15  0 0.00000 0.27304
2009  6  6 16  0 0.00000 0.31721
2009  6  6 17  0 0.00000 0.34216
2009  6  6 18  0 0.00000 0.30098
2009  6  6 19  0 0.00000 0.33642
2009  6  6 20  0 0.00000 0.25932
2009  6  6 21  0 0.00000 0.14773
2009  6  6 22  0 0.00000 0.09067
2009  6  6 23  0 0.00000 0.04986
2009  6  7  0  0 0.00000 0.01794
2009  6  7  1  0 0.00000 0.00253
2009  6  7  2  0 0.00000 0.00000
2009  6  7  3  0 0.00000 0.00000
2009  6  7  4  0 0.00000 0.00000
2009  6  7  5  0 0.00000 0.00000
2009  6  7  6  0 0.00000 0.00000
2009  6  7  7  0 0.00000 0.00000
2009  6  7  8  0 0.00000 0.00000
2009  6  7  9  0 0.00000 0.00000
2009  6  7 10  0 0.00000 0.00000
2009  6  7 11  0 0.00000 0.00014
2009  6  7 12  0 0.00000 0.03377
2009  6  7 13  0 0.00000 0.13948
2009  6  7 14  0 0.00000 0.27824
2009  6  7 15  0 0.00000 0.39304
2009  6  7 16  0 0.00000 0.48243
2009  6  7 17  0 0.00000 0.43540
2009  6  7 18  0 0.00000 0.44811
2009  6  7 19  0 0.00000 0.41744
2009  6  7 20  0 0.00000 0.37751
2009  6  7 21  0 0.00000 0.32098
2009  6  7 22  0 0.00000 0.24005
2009  6  7 23  0 0.00000 0.14520
2009  6  8  0  0 0.00000 0.04405
2009  6  8  1  0 0.00000 0.00276
2009  6  8  2  0 0.00000 0.00000
2009  6  8  3  0 0.00000 0.00000
2009  6  8  4  0 0.00000 0.00000
2009  6  8  5  0 0.00000 0.00000
2009  6  8  6  0 0.00000 0.00000
2009  6  8  7  0 0.00000 0.00000
2009  6  8  8  0 0.00000 0.00000
2009  6  8  9  0 0.00000 0.00000
2009  6  8 10  0 0.00000 0.00000
2009  6  8 11  0 0.00000 0.00008
2009  6  8 12  0 0.00000 0.02208
2009  6  8 13  0 0.00000 0.11952
2009  6  8 14  0 0.00000 0.25686
2009  6  8 15  0 0.00000 0.40205
2009  6  8 16  0 0.00000 0.51558
2009  6  8 17  0 0.00000 0.44426
2009  6  8 18  0 0.00000 0.42564
2009  6  8 19  0 0.00000 0.48624
2009  6  8 20  0 0.24528 0.40740
2009  6  8 21  0 0.00000 0.22421
2009  6  8 22  0 0.00000 0.11499
2009  6  8 23  0 0.00000 0.06818
2009  6  9  0  0 0.00000 0.02465
2009  6  9  1  0 0.00000 0.00294
2009  6  9  2  0 0.00000 0.00000
2009  6  9  3  0 0.00000 0.00000
2009  6  9  4  0 0.00000 0.00000
2009  6  9  5  0 0.00000 0.00000
2009  6  9  6  0 0.00000 0.00000
2009  6  9  7  0 0.00000 0.00000
2009  6  9  8  0 0.00000 0.00000
2009  6  9  9  0 0.00000 0.00000
2009  6  9 10  0 0.00000 0.00000
2009  6  9 11  0 0.00000 0.00027
2009  6  9 12  0 0.00000 0.02300
2009  6  9 13  0 0.00000 0.06156
2009  6  9 14  0 0.00000 0.14672
2009  6  9 15  0 0.00000 0.27480
2009  6  9 16  0 0.00000 0.37649
2009  6  9 17  0 0.00000 0.37771
2009  6  9 18  0 0.00000 0.38525
2009  6  9 19  0 0.00000 0.29452
2009  6  9 20  0 0.00000 0.33036
2009  6  9 21  0 0.00000 0.28998
2009  6  9 22  0 0.00000 0.16971
2009  6  9 23  0 0.00000 0.09118
2009  6 10  0  0 0.00000 0.02853
2009  6 10  1  0 0.00000 0.00232
2009  6 10  2  0 0.00000 0.00000
2009  6 10  3  0 0.00000 0.00000
2009  6 10  4  0 0.00000 0.00000
2009  6 10  5  0 0.00000 0.00000
2009  6 10  6  0 0.05660 0.00000
2009  6 10  7  0 0.00000 0.00000
2009  6 10  8  0 0.00000 0.00000
2009  6 10  9  0 0.00000 0.00000
2009  6 10 10  0 0.00000 0.00000
2009  6 10 11  0 0.00000 0.00008
2009  6 10 12  0 0.00000 0.01510
2009  6 10 13  0 0.00000 0.04831
2009  6 10 14  0 0.00000 0.12584
2009  6 10 15  0 0.47170 0.28216
2009  6 10 16  0 2.18868 0.21178
2009  6 10 17  0 0.00000 0.08768
2009  6 10 18  0 0.00000 0.18896
2009  6 10 19  0 0.00000 0.25035
2009  6 10 20  0 0.00000 0.22210
2009  6 10 21  0 0.00000 0.20431
2009  6 10 22  0 0.00000 0.09660
2009  6 10 23  0 0.00000 0.01526
2009  6 11  0  0 0.00000 0.00172
2009  6 11  1  0 0.00000 0.00013
2009  6 11  2  0 0.00000 0.00000
2009  6 11  3  0 0.00000 0.00000
2009  6 11  4  0 0.00000 0.00000
2009  6 11  5  0 0.00000 0.00000
2009  6 11  6  0 0.00000 0.00000
2009  6 11  7  0 0.00000 0.00000
2009  6 11  8  0 0.00000 0.00000
2009  6 11  9  0 0.00000 0.00000
2009  6 11 10  0 0.00000 0.00000
2009  6 11 11  0 0.00000 0.00003
2009  6 11 12  0 0.00000 0.00724
2009  6 11 13  0 0.00000 0.02760
2009  6 11 14  0 0.00000 0.09929
2009  6 11 15  0 0.00000 0.27441
2009  6 11 16  0 0.24528 0.35541
2009  6 11 17  0 0.15094 0.36614
2009  6 11 18  0 1.24529 0.21836
2009  6 11 19  0 0.00000 0.10466
2009  6 11 20  0 0.00000 0.08702
2009  6 11 21  0 0.00000 0.05551
2009  6 11 22  0 0.00000 0.03692
2009  6 11 23  0 0.00000 0.03164
2009  6 12  0  0 0.00000 0.01356
2009  6 12  1  0 0.00000 0.00160
2009  6 12  2  0 0.00000 0.00000
2009  6 12  3  0 0.00000 0.00000
2009  6 12  4  0 0.00000 0.00000
2009  6 12  5  0 0.00000 0.00000
2009  6 12  6  0 0.00000 0.00000
2009  6 12  7  0 0.00000 0.00000
2009  6 12  8  0 0.00000 0.00000
2009  6 12  9  0 0.00000 0.00000
2009  6 12 10  0 0.05660 0.00000
2009  6 12 11  0 0.00000 0.00012
2009  6 12 12  0 0.00000 0.03132
2009  6 12 13  0 0.00000 0.12680
2009  6 12 14  0 0.00000 0.16453
2009  6 12 15  0 0.00000 0.19967
2009  6 12 16  0 0.00000 0.38928
2009  6 12 17  0 0.00000 0.47395
2009  6 12 18  0 0.00000 0.44948
2009  6 12 19  0 0.43396 0.37739
2009  6 12 20  0 0.24528 0.21181
2009  6 12 21  0 0.00000 0.09432
2009  6 12 22  0 0.00000 0.07108
2009  6 12 23  0 0.00000 0.05648
2009  6 13  0  0 0.00000 0.02201
2009  6 13  1  0 0.00000 0.00257
2009  6 13  2  0 0.00000 0.00000
2009  6 13  3  0 0.00000 0.00000
2009  6 13  4  0 0.00000 0.00000
2009  6 13  5  0 0.00000 0.00000
2009  6 13  6  0 0.00000 0.00000
2009  6 13  7  0 0.00000 0.00000
2009  6 13  8  0 0.00000 0.00000
2009  6 13  9  0 0.00000 0.00000
2009  6 13 10  0 0.00000 0.00000
2009  6 13 11  0 0.00000 0.00006
2009  6 13 12  0 0.00000 0.01408
2009  6 13 13  0 0.00000 0.10326
2009  6 13 14  0 0.00000 0.26167
2009  6 13 15  0 2.24528 0.32509
2009  6 13 16  0 0.86792 0.19492
2009  6 13 17  0 0.09434 0.22772
2009  6 13 18  0 10.83018 0.17614
2009  6 13 19  0 1.43396 0.04382
2009  6 13 20  0 0.77358 0.01026
2009  6 13 21  0 0.22640 0.02121
2009  6 13 22  0 0.00000 0.02402
2009  6 13 23  0 0.05660 0.01566
2009  6 14  0  0 0.00000 0.00530
2009  6 14  1  0 0.00000 0.00058
2009  6 14  2  0 0.00000 0.00000
2009  6 14  3  0 0.00000 0.00000
2009  6 14  4  0 0.00000 0.00000
2009  6 14  5  0 0.00000 0.00000
2009  6 14  6  0 0.00000 0.00000
2009  6 14  7  0 0.00000 0.00000
2009  6 14  8  0 0.00000 0.00000
2009  6 14  9  0 0.00000 0.00000
2009  6 14 10  0 0.00000 0.00000
2009  6 14 11  0 0.00000 0.00008
2009  6 14 12  0 0.00000 0.01462
2009  6 14 13  0 0.00000 0.10312
2009  6 14 14  0 0.00000 0.21893
2009  6 14 15  0 0.00000 0.33633
2009  6 14 16  0 0.00000 0.42226
2009  6 14 17  0 0.00000 0.41759
2009  6 14 18  0 0.00000 0.43013
2009  6 14 19  0 0.05660 0.39890
2009  6 14 20  0 0.00000 0.30097
2009  6 14 21  0 0.00000 0.24822
2009  6 14 22  0 0.00000 0.19094
2009  6 14 23  0 0.00000 0.09016
2009  6 15  0  0 0.00000 0.02553
2009  6 15  1  0 0.00000 0.00456
2009  6 15  2  0 0.00000 0.00000
2009  6 15  3  0 0.00000 0.00000
2009  6 15  4  0 0.00000 0.00000
2009  6 15  5  0 0.00000 0.00000
2009  6 15  6  0 0.00000 0.00000
2009  6 15  7  0 0.00000 0.00000
2009  6 15  8  0 0.00000 0.00000
2009  6 15  9  0 0.00000 0.00000
2009  6 15 10  0 0.00000 0.00000
2009  6 15 11  0 0.00000 0.00010
2009  6 15 12  0 0.00000 0.01906
2009  6 15 13  0 0.00000 0.11088
2009  6 15 14  0 0.00000 0.21339
2009  6 15 15  0 0.00000 0.29786
2009  6 15 16  0 0.00000 0.44232
2009  6 15 17  0 0.00000 0.47279
2009  6 15 18  0 0.00000 0.46398
2009  6 15 19  0 0.00000 0.51493
2009  6 15 20  0 0.00000 0.50754
2009  6 15 21  0 0.00000 0.29828
2009  6 15 22  0 0.00000 0.15580
2009  6 15 23  0 0.00000 0.10735
2009  6 16  0  0 0.00000 0.04570
2009  6 16  1  0 0.00000 0.00748
2009  6 16  2  0 0.00000 0.00000
2009  6 16  3  0 0.00000 0.00000
2009  6 16  4  0 0.00000 0.00000
2009  6 16  5  0 0.00000 0.00000
2009  6 16  6  0 0.00000 0.00000
2009  6 16  7  0 0.00000 0.00000
2009  6 16  8  0 0.00000 0.00000
2009  6 16  9  0 0.00000 0.00000
2009  6 16 10  0 0.00000 0.00000
2009  6 16 11  0 0.00000 0.00013
2009  6 16 12  0 0.00000 0.02942
2009  6 16 13  0 0.00000 0.13356
2009  6 16 14  0 0.00000 0.27675
2009  6 16 15  0 0.00000 0.40393
2009  6 16 16  0 0.00000 0.51720
2009  6 16 17  0 0.00000 0.53109
2009  6 16 18  0 0.00000 0.35886
2009  6 16 19  0 0.00000 0.33680
2009  6 16 20  0 2.58491 0.31870
2009  6 16 21  0 0.67925 0.14177
2009  6 16 22  0 0.00000 0.19884
2009  6 16 23  0 0.00000 0.15530
2009  6 17  0  0 0.00000 0.04016
2009  6 17  1  0 0.00000 0.00648
2009  6 17  2  0 0.00000 0.00000
2009  6 17  3  0 0.00000 0.00000
2009  6 17  4  0 0.00000 0.00000
2009  6 17  5  0 0.00000 0.00000
2009  6 17  6  0 0.00000 0.00000
2009  6 17  7  0 0.00000 0.00000
2009  6 17  8  0 0.00000 0.00000
2009  6 17  9  0 0.00000 0.00000
2009  6 17 10  0 0.05660 0.00000
2009  6 17 11  0 0.20754 0.00000
2009  6 17 12  0 0.18868 0.00223
2009  6 17 13  0 0.00000 0.04263
2009  6 17 14  0 0.00000 0.12678
2009  6 17 15  0 0.00000 0.21680
2009  6 17 16  0 0.00000 0.37249
2009  6 17 17  0 0.52830 0.31955
2009  6 17 18  0 4.03773 0.11202
2009  6 17 19  0 0.05660 0.02746
2009  6 17 20  0 0.05660 0.05132
2009  6 17 21  0 0.00000 0.12732
2009  6 17 22  0 0.00000 0.14112
2009  6 17 23  0 0.00000 0.07691
2009  6 18  0  0 0.00000 0.02231
2009  6 18  1  0 0.05660 0.00298
2009  6 18  2  0 0.00000 0.00000
2009  6 18  3  0 0.00000 0.00000
2009  6 18  4  0 0.00000 0.00000
2009  6 18  5  0 0.00000 0.00000
2009  6 18  6  0 0.00000 0.00000
2009  6 18  7  0 0.00000 0.00000
2009  6 18  8  0 0.00000 0.00000
2009  6 18  9  0 0.00000 0.00000
2009  6 18 10  0 0.00000 0.00000
2009  6 18 11  0 0.00000 0.00006
2009  6 18 12  0 0.00000 0.00326
2009  6 18 13  0 0.00000 0.01014
2009  6 18 14  0 0.00000 0.03531
2009  6 18 15  0 0.00000 0.07254
2009  6 18 16  0 0.00000 0.10392
2009  6 18 17  0 0.00000 0.23112
2009  6 18 18  0 0.00000 0.28542
2009  6 18 19  0 0.05660 0.31041
2009  6 18 20  0 0.00000 0.19621
2009  6 18 21  0 0.00000 0.10311
2009  6 18 22  0 0.05660 0.06384
2009  6 18 23  0 0.00000 0.02819
2009  6 19  0  0 0.00000 0.01062
2009  6 19  1  0 0.00000 0.00226
2009  6 19  2  0 0.00000 0.00000
2009  6 19  3  0 0.00000 0.00000
2009  6 19  4  0 0.00000 0.00000
2009  6 19  5  0 0.00000 0.00000
2009  6 19  6  0 0.00000 0.00000
2009  6 19  7  0 0.00000 0.00000
2009  6 19  8  0 0.00000 0.00000
2009  6 19  9  0 0.00000 0.00000
2009  6 19 10  0 0.00000 0.00000
2009  6 19 11  0 0.00000 0.00000
2009  6 19 12  0 0.00000 0.00748
2009  6 19 13  0 0.00000 0.05046
2009  6 19 14  0 0.00000 0.11416
2009  6 19 15  0 0.00000 0.23842
2009  6 19 16  0 0.00000 0.22971
2009  6 19 17  0 0.00000 0.19428
2009  6 19 18  0 0.00000 0.23326
2009  6 19 19  0 0.00000 0.25340
2009  6 19 20  0 0.00000 0.21040
2009  6 19 21  0 0.00000 0.17454
2009  6 19 22  0 0.00000 0.12337
2009  6 19 23  0 0.15094 0.04889
2009  6 20  0  0 0.05660 0.00851
2009  6 20  1  0 0.05660 0.00054
2009  6 20  2  0 0.00000 0.00000
2009  6 20  3  0 0.00000 0.00000
2009  6 20  4  0 0.00000 0.00000
2009  6 20  5  0 0.00000 0.00000
2009  6 20  6  0 0.00000 0.00000
2009  6 20  7  0 0.00000 0.00000
2009  6 20  8  0 0.00000 0.00000
2009  6 20  9  0 0.00000 0.00000
2009  6 20 10  0 0.00000 0.00000
2009  6 20 11  0 0.00000 0.00003
2009  6 20 12  0 0.00000 0.01524
2009  6 20 13  0 0.00000 0.06081
2009  6 20 14  0 0.00000 0.14012
2009  6 20 15  0 0.05660 0.19410
2009  6 20 16  0 0.05660 0.19676
2009  6 20 17  0 0.00000 0.30959
2009  6 20 18  0 0.00000 0.30647
2009  6 20 19  0 0.00000 0.22004
2009  6 20 20  0 0.00000 0.15984
2009  6 20 21  0 0.00000 0.23100
2009  6 20 22  0 0.00000 0.22068
2009  6 20 23  0 0.00000 0.09962
2009  6 21  0  0 0.00000 0.02480
2009  6 21  1  0 0.00000 0.00349
2009  6 21  2  0 0.00000 0.00000
2009  6 21  3  0 0.00000 0.00000
2009  6 21  4  0 0.00000 0.00000
2009  6 21  5  0 0.00000 0.00000
2009  6 21  6  0 0.00000 0.00000
2009  6 21  7  0 0.00000 0.00000
2009  6 21  8  0 0.00000 0.00000
2009  6 21  9  0 0.00000 0.00000
2009  6 21 10  0 0.05660 0.00000
2009  6 21 11  0 0.00000 0.00001
2009  6 21 12  0 0.09434 0.00505
2009  6 21 13  0 0.00000 0.03416
2009  6 21 14  0 0.00000 0.07680
2009  6 21 15  0 0.00000 0.17790
2009  6 21 16  0 0.05660 0.34741
2009  6 21 17  0 0.52830 0.41344
2009  6 21 18  0 0.67924 0.27731
2009  6 21 19  0 0.20754 0.08778
2009  6 21 20  0 0.20754 0.02603
2009  6 21 21  0 0.00000 0.02598
2009  6 21 22  0 0.00000 0.03683
2009  6 21 23  0 0.00000 0.03118
2009  6 22  0  0 0.00000 0.01060
2009  6 22  1  0 0.00000 0.00110
2009  6 22  2  0 0.00000 0.00000
2009  6 22  3  0 0.00000 0.00000
2009  6 22  4  0 0.00000 0.00000
2009  6 22  5  0 0.00000 0.00000
2009  6 22  6  0 0.00000 0.00000
2009  6 22  7  0 0.09434 0.00000
2009  6 22  8  0 0.20754 0.00003
2009  6 22  9  0 0.00000 0.00004
2009  6 22 10  0 0.00000 0.00002
2009  6 22 11  0 0.00000 0.00005
2009  6 22 12  0 0.00000 0.00316
2009  6 22 13  0 0.00000 0.04352
2009  6 22 14  0 0.00000 0.14446
2009  6 22 15  0 0.00000 0.23362
2009  6 22 16  0 0.00000 0.35728
2009  6 22 17  0 0.30188 0.25962
2009  6 22 18  0 0.00000 0.15375
2009  6 22 19  0 0.11320 0.11032
2009  6 22 20  0 0.18868 0.04146
2009  6 22 21  0 0.33962 0.01150
2009  6 22 22  0 0.33962 0.01012
2009  6 22 23  0 0.11320 0.00816
2009  6 23  0  0 0.00000 0.00402
2009  6 23  1  0 0.00000 0.00082
2009  6 23  2  0 0.00000 0.00000
2009  6 23  3  0 0.00000 0.00000
2009  6 23  4  0 0.05660 0.00000
2009  6 23  5  0 0.00000 0.00000
2009  6 23  6  0 0.00000 0.00000
2009  6 23  7  0 0.00000 0.00000
2009  6 23  8  0 0.00000 0.00000
2009  6 23  9  0 0.00000 0.00000
2009  6 23 10  0 0.00000 0.00000
2009  6 23 11  0 0.00000 0.00010
2009  6 23 12  0 0.00000 0.01930
2009  6 23 13  0 0.00000 0.14760
2009  6 23 14  0 0.00000 0.34341
2009  6 23 15  0 0.00000 0.39362
2009  6 23 16  0 0.00000 0.42915
2009  6 23 17  0 0.00000 0.53536
2009  6 23 18  0 0.00000 0.58744
2009  6 23 19  0 1.58491 0.39066
2009  6 23 20  0 5.22641 0.11970
2009  6 23 21  0 0.05660 0.01913
2009  6 23 22  0 0.00000 0.01683
2009  6 23 23  0 0.00000 0.01854
2009  6 24  0  0 0.00000 0.00826
2009  6 24  1  0 0.05660 0.00088
2009  6 24  2  0 0.00000 0.00000
2009  6 24  3  0 0.00000 0.00000
2009  6 24  4  0 0.00000 0.00000
2009  6 24  5  0 0.00000 0.00000
2009  6 24  6  0 0.00000 0.00000
2009  6 24  7  0 0.00000 0.00000
2009  6 24  8  0 0.00000 0.00000
2009  6 24  9  0 0.00000 0.00000
2009  6 24 10  0 0.00000 0.00000
2009  6 24 11  0 0.00000 0.00006
2009  6 24 12  0 0.00000 0.01274
2009  6 24 13  0 0.00000 0.10750
2009  6 24 14  0 0.00000 0.20190
2009  6 24 15  0 0.00000 0.36741
2009  6 24 16  0 0.00000 0.47816
2009  6 24 17  0 0.00000 0.50582
2009  6 24 18  0 0.00000 0.42734
2009  6 24 19  0 0.00000 0.35961
2009  6 24 20  0 0.00000 0.38583
2009  6 24 21  0 0.00000 0.28308
2009  6 24 22  0 0.00000 0.08721
2009  6 24 23  0 0.00000 0.01448
2009  6 25  0  0 0.00000 0.00782
2009  6 25  1  0 0.00000 0.00144
2009  6 25  2  0 0.00000 0.00000
2009  6 25  3  0 0.00000 0.00000
2009  6 25  4  0 0.00000 0.00000
2009  6 25  5  0 0.00000 0.00000
2009  6 25  6  0 0.00000 0.00000
2009  6 25  7  0 0.00000 0.00000
2009  6 25  8  0 0.00000 0.00000
2009  6 25  9  0 0.00000 0.00000
2009  6 25 10  0 0.00000 0.00000
2009  6 25 11  0 0.00000 0.00004
2009  6 25 12  0 0.00000 0.00612
2009  6 25 13  0 0.00000 0.04763
2009  6 25 14  0 0.00000 0.17031
2009  6 25 15  0 0.00000 0.28796
2009  6 25 16  0 0.00000 0.31672
2009  6 25 17  0 0.00000 0.25048
2009  6 25 18  0 0.00000 0.31901
2009  6 25 19  0 0.00000 0.31508
2009  6 25 20  0 0.00000 0.41604
2009  6 25 21  0 0.00000 0.35978
2009  6 25 22  0 0.00000 0.20310
2009  6 25 23  0 0.00000 0.11696
2009  6 26  0  0 0.00000 0.03891
2009  6 26  1  0 0.00000 0.00283
2009  6 26  2  0 0.00000 0.00000
2009  6 26  3  0 0.00000 0.00000
2009  6 26  4  0 0.00000 0.00000
2009  6 26  5  0 0.00000 0.00000
2009  6 26  6  0 0.00000 0.00000
2009  6 26  7  0 0.00000 0.00000
2009  6 26  8  0 0.00000 0.00000
2009  6 26  9  0 0.05660 0.00000
2009  6 26 10  0 0.00000 0.00000
2009  6 26 11  0 0.00000 0.00010
2009  6 26 12  0 0.00000 0.01533
2009  6 26 13  0 0.00000 0.11351
2009  6 26 14  0 0.00000 0.24942
2009  6 26 15  0 0.00000 0.38202
2009  6 26 16  0 0.00000 0.34048
2009  6 26 17  0 0.00000 0.38622
2009  6 26 18  0 0.00000 0.50961
2009  6 26 19  0 0.00000 0.40689
2009  6 26 20  0 0.00000 0.38578
2009  6 26 21  0 0.00000 0.31161
2009  6 26 22  0 0.00000 0.17698
2009  6 26 23  0 0.00000 0.09254
2009  6 27  0  0 0.00000 0.03359
2009  6 27  1  0 0.00000 0.00528
2009  6 27  2  0 0.00000 0.00000
2009  6 27  3  0 0.00000 0.00000
2009  6 27  4  0 0.00000 0.00000
2009  6 27  5  0 0.00000 0.00000
2009  6 27  6  0 0.00000 0.00000
2009  6 27  7  0 0.00000 0.00000
2009  6 27  8  0 0.00000 0.00000
2009  6 27  9  0 0.00000 0.00000
2009  6 27 10  0 0.00000 0.00000
2009  6 27 11  0 0.00000 0.00011
2009  6 27 12  0 0.00000 0.01817
2009  6 27 13  0 0.00000 0.12536
2009  6 27 14  0 0.00000 0.21587
2009  6 27 15  0 0.00000 0.30604
2009  6 27 16  0 0.00000 0.42064
2009  6 27 17  0 0.00000 0.43713
2009  6 27 18  0 0.00000 0.36210
2009  6 27 19  0 0.00000 0.23596
2009  6 27 20  0 0.00000 0.17714
2009  6 27 21  0 0.00000 0.22155
2009  6 27 22  0 0.16980 0.16354
2009  6 27 23  0 0.00000 0.06330
2009  6 28  0  0 0.00000 0.01836
2009  6 28  1  0 0.00000 0.00332
2009  6 28  2  0 0.00000 0.00000
2009  6 28  3  0 0.00000 0.00000
2009  6 28  4  0 0.00000 0.00000
2009  6 28  5  0 0.00000 0.00000
2009  6 28  6  0 0.00000 0.00000
2009  6 28  7  0 0.00000 0.00000
2009  6 28  8  0 0.00000 0.00000
2009  6 28  9  0 0.05660 0.00000
2009  6 28 10  0 0.00000 0.00000
2009  6 28 11  0 0.00000 0.00004
2009  6 28 12  0 0.00000 0.00632
2009  6 28 13  0 0.00000 0.05338
2009  6 28 14  0 0.09434 0.14004
2009  6 28 15  0 0.18868 0.19705
2009  6 28 16  0 0.00000 0.26815
2009  6 28 17  0 0.00000 0.34874
2009  6 28 18  0 3.83018 0.34391
2009  6 28 19  0 4.47169 0.12558
2009  6 28 20  0 1.47170 0.00327
2009  6 28 21  0 0.71698 0.00256
2009  6 28 22  0 0.30188 0.00476
2009  6 28 23  0 0.22640 0.00549
2009  6 29  0  0 0.05660 0.00250
2009  6 29  1  0 0.00000 0.00030
2009  6 29  2  0 0.00000 0.00000
2009  6 29  3  0 0.00000 0.00000
2009  6 29  4  0 0.00000 0.00000
2009  6 29  5  0 0.00000 0.00000
2009  6 29  6  0 0.00000 0.00000
2009  6 29  7  0 0.00000 0.00000
2009  6 29  8  0 0.00000 0.00000
2009  6 29  9  0 0.00000 0.00000
2009  6 29 10  0 0.05660 0.00000
2009  6 29 11  0 0.00000 0.00004
2009  6 29 12  0 0.00000 0.01845
2009  6 29 13  0 0.00000 0.09058
2009  6 29 14  0 0.00000 0.22794
2009  6 29 15  0 0.00000 0.30761
2009  6 29 16  0 0.00000 0.38373
2009  6 29 17  0 0.00000 0.50958
2009  6 29 18  0 0.00000 0.52998
2009  6 29 19  0 0.00000 0.40822
2009  6 29 20  0 0.00000 0.40774
2009  6 29 21  0 0.00000 0.29508
2009  6 29 22  0 0.00000 0.18561
2009  6 29 23  0 2.84905 0.13922
2009  6 30  0  0 0.00000 0.05850
2009  6 30  1  0 0.00000 0.00844
2009  6 30  2  0 0.00000 0.00000
2009  6 30  3  0 0.00000 0.00000
2009  6 30  4  0 0.00000 0.00000
2009  6 30  5  0 0.00000 0.00000
2009  6 30  6  0 0.00000 0.00000
2009  6 30  7  0 0.00000 0.00000
2009  6 30  8  0 0.00000 0.00000
2009  6 30  9  0 0.05660 0.00000
2009  6 30 10  0 0.00000 0.00000
2009  6 30 11  0 0.00000 0.00010
2009  6 30 12  0 0.00000 0.02393
2009  6 30 13  0 0.00000 0.11680
2009  6 30 14  0 0.00000 0.25796
2009  6 30 15  0 0.00000 0.39386
2009  6 30 16  0 0.00000 0.50131
2009  6 30 17  0 0.00000 0.53502
2009  6 30 18  0 0.00000 0.44542
2009  6 30 19  0 0.00000 0.32492
2009  6 30 20  0 0.00000 0.43924
2009  6 30 21  0 0.00000 0.41168
2009  6 30 22  0 0.00000 0.29063
2009  6 30 23  0 0.00000 0.17568
2009  7  1  0  0 0.00000 0.05465
2009  7  1  1  0 0.00000 0.00482
2009  7  1  2  0 0.00000 0.00000
2009  7  1  3  0 0.00000 0.00000
2009  7  1  4  0 0.00000 0.00000
2009  7  1  5  0 0.00000 0.00000
2009  7  1  6  0 0.00000 0.00000
2009  7  1  7  0 0.00000 0.00000
2009  7  1  8  0 0.00000 0.00000
2009  7  1  9  0 0.00000 0.00000
2009  7  1 10  0 0.00000 0.00000
2009  7  1 11  0 0.00000 0.00003
2009  7  1 12  0 0.00000 0.01843
2009  7  1 13  0 0.00000 0.09074
2009  7  1 14  0 0.00000 0.16861
2009  7  1 15  0 0.00000 0.18727
2009  7  1 16  0 0.00000 0.19181
2009  7  1 17  0 3.73585 0.16631
2009  7  1 18  0 0.00000 0.06584
2009  7  1 19  0 0.16980 0.02508
2009  7  1 20  0 0.00000 0.02444
2009  7  1 21  0 0.00000 0.06757
2009  7  1 22  0 0.00000 0.07040
2009  7  1 23  0 0.00000 0.03363
2009  7  2  0  0 0.00000 0.00940
2009  7  2  1  0 0.00000 0.00100
2009  7  2  2  0 0.00000 0.00000
2009  7  2  3  0 0.00000 0.00000
2009  7  2  4  0 0.00000 0.00000
2009  7  2  5  0 0.00000 0.00000
2009  7  2  6  0 0.00000 0.00000
2009  7  2  7  0 0.00000 0.00000
2009  7  2  8  0 0.00000 0.00000
2009  7  2  9  0 0.05660 0.00000
2009  7  2 10  0 0.05660 0.00003
2009  7  2 11  0 0.00000 0.00012
2009  7  2 12  0 0.00000 0.00104
2009  7  2 13  0 0.05660 0.00485
2009  7  2 14  0 0.00000 0.00790
2009  7  2 15  0 0.00000 0.01864
2009  7  2 16  0 0.00000 0.06535
2009  7  2 17  0 0.00000 0.11866
2009  7  2 18  0 0.00000 0.18493
2009  7  2 19  0 0.00000 0.14898
2009  7  2 20  0 0.09434 0.10410
2009  7  2 21  0 0.00000 0.07558
2009  7  2 22  0 0.00000 0.05172
2009  7  2 23  0 0.05660 0.04484
2009  7  3  0  0 0.00000 0.01904
2009  7  3  1  0 0.00000 0.00155
2009  7  3  2  0 0.00000 0.00000
2009  7  3  3  0 0.00000 0.00000
2009  7  3  4  0 0.00000 0.00000
2009  7  3  5  0 0.00000 0.00000
2009  7  3  6  0 0.00000 0.00000
2009  7  3  7  0 0.00000 0.00000
2009  7  3  8  0 0.00000 0.00000
2009  7  3  9  0 0.00000 0.00000
2009  7  3 10  0 0.05660 0.00001
2009  7  3 11  0 0.00000 0.00010
2009  7  3 12  0 0.00000 0.00292
2009  7  3 13  0 0.00000 0.01581
2009  7  3 14  0 0.00000 0.07556
2009  7  3 15  0 0.00000 0.18046
2009  7  3 16  0 0.00000 0.32152
2009  7  3 17  0 0.00000 0.41782
2009  7  3 18  0 2.18868 0.38066
2009  7  3 19  0 0.81132 0.13558
2009  7  3 20  0 0.00000 0.00736
2009  7  3 21  0 0.00000 0.01450
2009  7  3 22  0 0.00000 0.03090
2009  7  3 23  0 0.00000 0.03216
2009  7  4  0  0 0.00000 0.01476
2009  7  4  1  0 0.00000 0.00235
2009  7  4  2  0 0.00000 0.00000
2009  7  4  3  0 0.00000 0.00000
2009  7  4  4  0 0.00000 0.00000
2009  7  4  5  0 0.00000 0.00000
2009  7  4  6  0 0.00000 0.00000
2009  7  4  7  0 0.00000 0.00000
2009  7  4  8  0 0.00000 0.00000
2009  7  4  9  0 0.00000 0.00000
2009  7  4 10  0 0.05660 0.00000
2009  7  4 11  0 0.00000 0.00003
2009  7  4 12  0 0.00000 0.00778
2009  7  4 13  0 0.00000 0.03256
2009  7  4 14  0 0.00000 0.06388
2009  7  4 15  0 1.26414 0.06824
2009  7  4 16  0 0.00000 0.04576
2009  7  4 17  0 0.05660 0.04767
2009  7  4 18  0 0.00000 0.07580
2009  7  4 19  0 0.00000 0.11972
2009  7  4 20  0 0.00000 0.14897
2009  7  4 21  0 0.00000 0.13641
2009  7  4 22  0 0.00000 0.07614
2009  7  4 23  0 0.00000 0.02597
2009  7  5  0  0 0.00000 0.00662
2009  7  5  1  0 0.00000 0.00092
2009  7  5  2  0 0.00000 0.00000
2009  7  5  3  0 0.00000 0.00000
2009  7  5  4  0 0.00000 0.00000
2009  7  5  5  0 0.00000 0.00000
2009  7  5  6  0 0.00000 0.00000
2009  7  5  7  0 0.00000 0.00000
2009  7  5  8  0 0.00000 0.00000
2009  7  5  9  0 0.00000 0.00000
2009  7  5 10  0 0.00000 0.00000
2009  7  5 11  0 0.05660 0.00001
2009  7  5 12  0 0.00000 0.00496
2009  7  5 13  0 0.00000 0.02462
2009  7  5 14  0 0.00000 0.10274
2009  7  5 15  0 0.00000 0.17903
2009  7  5 16  0 0.00000 0.32687
2009  7  5 17  0 0.00000 0.41944
2009  7  5 18  0 0.00000 0.39232
2009  7  5 19  0 0.00000 0.26128
2009  7  5 20  0 0.05660 0.18790
2009  7  5 21  0 0.00000 0.09285
2009  7  5 22  0 0.00000 0.03772
2009  7  5 23  0 0.00000 0.04976
2009  7  6  0  0 0.00000 0.02519
2009  7  6  1  0 0.00000 0.00221
2009  7  6  2  0 0.00000 0.00000
2009  7  6  3  0 0.00000 0.00000
2009  7  6  4  0 0.00000 0.00000
2009  7  6  5  0 0.00000 0.00000
2009  7  6  6  0 0.00000 0.00000
2009  7  6  7  0 0.00000 0.00000
2009  7  6  8  0 0.00000 0.00000
2009  7  6  9  0 0.00000 0.00000
2009  7  6 10  0 0.05660 0.00000
2009  7  6 11  0 0.00000 0.00007
2009  7  6 12  0 0.00000 0.01008
2009  7  6 13  0 0.00000 0.05330
2009  7  6 14  0 0.00000 0.15154
2009  7  6 15  0 0.00000 0.23616
2009  7  6 16  0 0.00000 0.30070
2009  7  6 17  0 0.00000 0.33126
2009  7  6 18  0 0.33962 0.25780
2009  7  6 19  0 0.00000 0.14240
2009  7  6 20  0 0.00000 0.09088
2009  7  6 21  0 0.00000 0.10915
2009  7  6 22  0 0.00000 0.11772
2009  7  6 23  0 0.00000 0.08978
2009  7  7  0  0 0.00000 0.03802
2009  7  7  1  0 0.00000 0.00589
2009  7  7  2  0 0.00000 0.00000
2009  7  7  3  0 0.00000 0.00000
2009  7  7  4  0 0.05660 0.00000
2009  7  7  5  0 0.18868 0.00000
2009  7  7  6  0 0.00000 0.00000
2009  7  7  7  0 0.00000 0.00000
2009  7  7  8  0 0.00000 0.00000
2009  7  7  9  0 0.00000 0.00000
2009  7  7 10  0 0.00000 0.00000
2009  7  7 11  0 0.00000 0.00000
2009  7  7 12  0 0.11320 0.00078
2009  7  7 13  0 0.09434 0.00389
2009  7  7 14  0 0.24528 0.01010
2009  7  7 15  0 0.15094 0.01668
2009  7  7 16  0 0.00000 0.04314
2009  7  7 17  0 0.00000 0.19532
2009  7  7 18  0 0.00000 0.30207
2009  7  7 19  0 0.52830 0.25347
2009  7  7 20  0 0.00000 0.18469
2009  7  7 21  0 0.05660 0.10064
2009  7  7 22  0 0.05660 0.04513
2009  7  7 23  0 0.00000 0.03743
2009  7  8  0  0 0.00000 0.01817
2009  7  8  1  0 0.00000 0.00222
2009  7  8  2  0 0.00000 0.00000
2009  7  8  3  0 0.00000 0.00000
2009  7  8  4  0 0.00000 0.00000
2009  7  8  5  0 0.00000 0.00000
2009  7  8  6  0 0.00000 0.00000
2009  7  8  7  0 0.00000 0.00000
2009  7  8  8  0 0.20754 0.00000
2009  7  8  9  0 0.24528 0.00000
2009  7  8 10  0 2.49057 0.00000
2009  7  8 11  0 0.00000 0.00014
2009  7  8 12  0 0.00000 0.01366
2009  7  8 13  0 0.67924 0.02416
2009  7  8 14  0 0.00000 0.10020
2009  7  8 15  0 0.00000 0.16902
2009  7  8 16  0 0.00000 0.28482
2009  7  8 17  0 0.00000 0.29352
2009  7  8 18  0 0.00000 0.20384
2009  7  8 19  0 0.00000 0.22100
2009  7  8 20  0 0.00000 0.29662
2009  7  8 21  0 0.00000 0.31237
2009  7  8 22  0 0.05660 0.19488
2009  7  8 23  0 0.05660 0.05843
2009  7  9  0  0 0.00000 0.00684
2009  7  9  1  0 0.00000 0.00040
2009  7  9  2  0 0.00000 0.00000
2009  7  9  3  0 0.00000 0.00000
2009  7  9  4  0 0.00000 0.00000
2009  7  9  5  0 0.00000 0.00000
2009  7  9  6  0 0.00000 0.00000
2009  7  9  7  0 0.00000 0.00000
2009  7  9  8  0 0.00000 0.00000
2009  7  9  9  0 0.00000 0.00000
2009  7  9 10  0 0.00000 0.00000
2009  7  9 11  0 0.00000 0.00000
2009  7  9 12  0 0.00000 0.00170
2009  7  9 13  0 0.00000 0.03375
2009  7  9 14  0 0.00000 0.09904
2009  7  9 15  0 0.00000 0.16226
2009  7  9 16  0 0.00000 0.21742
2009  7  9 17  0 0.00000 0.25077
2009  7  9 18  0 0.09434 0.20350
2009  7  9 19  0 2.32074 0.08328
2009  7  9 20  0 0.86792 0.01779
2009  7  9 21  0 0.35848 0.00762
2009  7  9 22  0 0.05660 0.00932
2009  7  9 23  0 0.00000 0.01161
2009  7 10  0  0 0.00000 0.00626
2009  7 10  1  0 0.00000 0.00108
2009  7 10  2  0 0.00000 0.00000
2009  7 10  3  0 0.00000 0.00000
2009  7 10  4  0 0.00000 0.00000
2009  7 10  5  0 0.00000 0.00000
2009  7 10  6  0 0.00000 0.00000
2009  7 10  7  0 0.00000 0.00000
2009  7 10  8  0 0.00000 0.00000
2009  7 10  9  0 0.00000 0.00000
2009  7 10 10  0 0.00000 0.00000
2009  7 10 11  0 0.00000 0.00000
2009  7 10 12  0 0.00000 0.00474
2009  7 10 13  0 0.00000 0.01718
2009  7 10 14  0 0.00000 0.04312
2009  7 10 15  0 0.00000 0.12343
2009  7 10 16  0 0.00000 0.22524
2009  7 10 17  0 0.05660 0.25076
2009  7 10 18  0 0.00000 0.16623
2009  7 10 19  0 0.15094 0.12924
2009  7 10 20  0 0.15094 0.10728
2009  7 10 21  0 0.00000 0.08475
2009  7 10 22  0 0.00000 0.06019
2009  7 10 23  0 0.00000 0.03050
2009  7 11  0  0 0.00000 0.01054
2009  7 11  1  0 0.00000 0.00176
2009  7 11  2  0 0.00000 0.00000
2009  7 11  3  0 0.00000 0.00000
2009  7 11  4  0 0.00000 0.00000
2009  7 11  5  0 0.00000 0.00000
2009  7 11  6  0 0.00000 0.00000
2009  7 11  7  0 0.00000 0.00000
2009  7 11  8  0 0.52830 0.00000
2009  7 11  9  0 0.00000 0.00000
2009  7 11 10  0 0.00000 0.00000
2009  7 11 11  0 2.01887 0.00000
2009  7 11 12  0 0.18868 0.00070
2009  7 11 13  0 0.00000 0.00776
2009  7 11 14  0 0.09434 0.01416
2009  7 11 15  0 0.05660 0.04593
2009  7 11 16  0 0.00000 0.22492
2009  7 11 17  0 0.00000 0.38107
2009  7 11 18  0 0.00000 0.40724
2009  7 11 19  0 0.05660 0.30168
2009  7 11 20  0 0.00000 0.13134
2009  7 11 21  0 0.00000 0.03754
2009  7 11 22  0 0.00000 0.01268
2009  7 11 23  0 0.05660 0.00942
2009  7 12  0  0 0.00000 0.00546
2009  7 12  1  0 0.00000 0.00092
2009  7 12  2  0 0.05660 0.00000
2009  7 12  3  0 0.00000 0.00000
2009  7 12  4  0 0.00000 0.00000
2009  7 12  5  0 0.00000 0.00000
2009  7 12  6  0 0.30188 0.00000
2009  7 12  7  0 0.00000 0.00000
2009  7 12  8  0 0.73584 0.00000
2009  7 12  9  0 0.62264 0.00000
2009  7 12 10  0 0.00000 0.00000
2009  7 12 11  0 0.00000 0.00000
2009  7 12 12  0 0.00000 0.00646
2009  7 12 13  0 0.00000 0.03800
2009  7 12 14  0 0.00000 0.07864
2009  7 12 15  0 0.00000 0.15878
2009  7 12 16  0 0.00000 0.28806
2009  7 12 17  0 0.00000 0.38225
2009  7 12 18  0 0.00000 0.45670
2009  7 12 19  0 0.00000 0.48526
2009  7 12 20  0 0.00000 0.40969
2009  7 12 21  0 0.00000 0.37188
2009  7 12 22  0 0.00000 0.27747
2009  7 12 23  0 0.00000 0.16007
2009  7 13  0  0 0.00000 0.05108
2009  7 13  1  0 0.00000 0.00250
2009  7 13  2  0 0.00000 0.00000
2009  7 13  3  0 0.00000 0.00000
2009  7 13  4  0 0.00000 0.00000
2009  7 13  5  0 0.00000 0.00000
2009  7 13  6  0 0.00000 0.00000
2009  7 13  7  0 0.00000 0.00000
2009  7 13  8  0 0.00000 0.00000
2009  7 13  9  0 0.00000 0.00000
2009  7 13 10  0 0.00000 0.00000
2009  7 13 11  0 0.00000 0.00006
2009  7 13 12  0 0.00000 0.01581
2009  7 13 13  0 0.00000 0.05812
2009  7 13 14  0 0.00000 0.11677
2009  7 13 15  0 0.00000 0.26756
2009  7 13 16  0 0.00000 0.43724
2009  7 13 17  0 0.00000 0.56732
2009  7 13 18  0 0.00000 0.56128
2009  7 13 19  0 0.00000 0.48294
2009  7 13 20  0 0.00000 0.49777
2009  7 13 21  0 0.00000 0.37288
2009  7 13 22  0 0.00000 0.21018
2009  7 13 23  0 0.00000 0.12211
2009  7 14  0  0 0.00000 0.04530
2009  7 14  1  0 0.00000 0.00576
2009  7 14  2  0 0.00000 0.00000
2009  7 14  3  0 0.00000 0.00000
2009  7 14  4  0 0.00000 0.00000
2009  7 14  5  0 0.00000 0.00000
2009  7 14  6  0 0.00000 0.00000
2009  7 14  7  0 0.00000 0.00000
2009  7 14  8  0 0.00000 0.00000
2009  7 14  9  0 0.00000 0.00000
2009  7 14 10  0 0.00000 0.00000
2009  7 14 11  0 0.00000 0.00016
2009  7 14 12  0 0.00000 0.01488
2009  7 14 13  0 0.00000 0.11001
2009  7 14 14  0 0.00000 0.23719
2009  7 14 15  0 0.00000 0.29845
2009  7 14 16  0 0.00000 0.34264
2009  7 14 17  0 0.37736 0.32241
2009  7 14 18  0 0.43396 0.28818
2009  7 14 19  0 1.05660 0.20859
2009  7 14 20  0 0.00000 0.21487
2009  7 14 21  0 0.00000 0.29379
2009  7 14 22  0 0.00000 0.26620
2009  7 14 23  0 0.00000 0.13641
2009  7 15  0  0 0.00000 0.03867
2009  7 15  1  0 0.00000 0.00544
2009  7 15  2  0 0.00000 0.00000
2009  7 15  3  0 0.00000 0.00000
2009  7 15  4  0 0.00000 0.00000
2009  7 15  5  0 0.00000 0.00000
2009  7 15  6  0 0.00000 0.00000
2009  7 15  7  0 0.00000 0.00000
2009  7 15  8  0 0.05660 0.00000
2009  7 15  9  0 0.00000 0.00000
2009  7 15 10  0 0.00000 0.00000
2009  7 15 11  0 0.00000 0.00003
2009  7 15 12  0 0.86792 0.00514
2009  7 15 13  0 0.33962 0.00657
2009  7 15 14  0 0.58490 0.00770
2009  7 15 15  0 0.15094 0.00975
2009  7 15 16  0 0.00000 0.03709
2009  7 15 17  0 0.00000 0.11466
2009  7 15 18  0 0.00000 0.23449
2009  7 15 19  0 0.00000 0.37150
2009  7 15 20  0 0.05660 0.39016
2009  7 15 21  0 0.00000 0.25770
2009  7 15 22  0 0.00000 0.13826
2009  7 15 23  0 0.00000 0.06722
2009  7 16  0  0 0.00000 0.01902
2009  7 16  1  0 0.00000 0.00166
2009  7 16  2  0 0.00000 0.00000
2009  7 16  3  0 0.00000 0.00000
2009  7 16  4  0 0.00000 0.00000
2009  7 16  5  0 0.00000 0.00000
2009  7 16  6  0 0.00000 0.00000
2009  7 16  7  0 0.00000 0.00000
2009  7 16  8  0 0.00000 0.00000
2009  7 16  9  0 0.00000 0.00000
2009  7 16 10  0 0.00000 0.00000
2009  7 16 11  0 0.00000 0.00004
2009  7 16 12  0 0.00000 0.01400
2009  7 16 13  0 0.00000 0.07493
2009  7 16 14  0 0.00000 0.14319
2009  7 16 15  0 0.00000 0.26624
2009  7 16 16  0 0.00000 0.44220
2009  7 16 17  0 0.00000 0.55426
2009  7 16 18  0 0.00000 0.59216
2009  7 16 19  0 0.00000 0.59048
2009  7 16 20  0 0.00000 0.52165
2009  7 16 21  0 0.00000 0.42880
2009  7 16 22  0 0.00000 0.28032
2009  7 16 23  0 0.00000 0.12466
2009  7 17  0  0 0.00000 0.03660
2009  7 17  1  0 0.00000 0.00556
2009  7 17  2  0 0.00000 0.00000
2009  7 17  3  0 0.00000 0.00000
2009  7 17  4  0 0.00000 0.00000
2009  7 17  5  0 0.00000 0.00000
2009  7 17  6  0 0.00000 0.00000
2009  7 17  7  0 0.00000 0.00000
2009  7 17  8  0 0.00000 0.00000
2009  7 17  9  0 0.00000 0.00000
2009  7 17 10  0 0.00000 0.00000
2009  7 17 11  0 0.00000 0.00003
2009  7 17 12  0 0.00000 0.01047
2009  7 17 13  0 0.00000 0.08055
2009  7 17 14  0 0.00000 0.19958
2009  7 17 15  0 0.00000 0.31853
2009  7 17 16  0 0.00000 0.37762
2009  7 17 17  0 0.00000 0.37204
2009  7 17 18  0 0.00000 0.40022
2009  7 17 19  0 0.00000 0.31894
2009  7 17 20  0 0.00000 0.26811
2009  7 17 21  0 0.00000 0.27510
2009  7 17 22  0 0.00000 0.21832
2009  7 17 23  0 0.00000 0.10206
2009  7 18  0  0 0.00000 0.02461
2009  7 18  1  0 0.00000 0.00288
2009  7 18  2  0 0.00000 0.00000
2009  7 18  3  0 0.00000 0.00000
2009  7 18  4  0 0.00000 0.00000
2009  7 18  5  0 0.00000 0.00000
2009  7 18  6  0 0.00000 0.00000
2009  7 18  7  0 0.00000 0.00000
2009  7 18  8  0 0.00000 0.00000
2009  7 18  9  0 0.00000 0.00000
2009  7 18 10  0 0.00000 0.00000
2009  7 18 11  0 0.00000 0.00000
2009  7 18 12  0 0.00000 0.00990
2009  7 18 13  0 0.00000 0.05878
2009  7 18 14  0 0.00000 0.19020
2009  7 18 15  0 0.00000 0.32640
2009  7 18 16  0 0.00000 0.37913
2009  7 18 17  0 0.05660 0.33458
2009  7 18 18  0 0.05660 0.18494
2009  7 18 19  0 0.05660 0.08409
2009  7 18 20  0 0.00000 0.04837
2009  7 18 21  0 0.00000 0.04555
2009  7 18 22  0 0.00000 0.05022
2009  7 18 23  0 0.00000 0.03801
2009  7 19  0  0 0.00000 0.01504
2009  7 19  1  0 0.00000 0.00210
2009  7 19  2  0 0.00000 0.00000
2009  7 19  3  0 0.00000 0.00000
2009  7 19  4  0 0.00000 0.00000
2009  7 19  5  0 0.00000 0.00000
2009  7 19  6  0 0.00000 0.00000
2009  7 19  7  0 0.00000 0.00000
2009  7 19  8  0 0.00000 0.00000
2009  7 19  9  0 0.00000 0.00000
2009  7 19 10  0 0.00000 0.00000
2009  7 19 11  0 0.00000 0.00004
2009  7 19 12  0 0.00000 0.01798
2009  7 19 13  0 0.00000 0.10823
2009  7 19 14  0 0.00000 0.18250
2009  7 19 15  0 0.00000 0.32236
2009  7 19 16  0 0.00000 0.33505
2009  7 19 17  0 0.00000 0.27568
2009  7 19 18  0 0.00000 0.24944
2009  7 19 19  0 0.05660 0.18095
2009  7 19 20  0 0.05660 0.22193
2009  7 19 21  0 0.00000 0.18127
2009  7 19 22  0 0.00000 0.07870
2009  7 19 23  0 0.67924 0.02552
2009  7 20  0  0 0.39622 0.00518
2009  7 20  1  0 0.05660 0.00048
2009  7 20  2  0 0.00000 0.00000
2009  7 20  3  0 0.00000 0.00000
2009  7 20  4  0 0.00000 0.00000
2009  7 20  5  0 0.05660 0.00000
2009  7 20  6  0 0.00000 0.00000
2009  7 20  7  0 0.00000 0.00000
2009  7 20  8  0 0.00000 0.00000
2009  7 20  9  0 0.00000 0.00000
2009  7 20 10  0 0.00000 0.00000
2009  7 20 11  0 0.00000 0.00003
2009  7 20 12  0 0.00000 0.00845
2009  7 20 13  0 0.00000 0.04136
2009  7 20 14  0 0.00000 0.13218
2009  7 20 15  0 0.00000 0.24930
2009  7 20 16  0 0.00000 0.25971
2009  7 20 17  0 1.15094 0.29810
2009  7 20 18  0 0.00000 0.32262
2009  7 20 19  0 0.05660 0.20123
2009  7 20 20  0 0.11320 0.07600
2009  7 20 21  0 0.00000 0.06295
2009  7 20 22  0 0.00000 0.07547
2009  7 20 23  0 0.00000 0.04597
2009  7 21  0  0 0.00000 0.01154
2009  7 21  1  0 0.00000 0.00056
2009  7 21  2  0 0.05660 0.00000
2009  7 21  3  0 1.01886 0.00000
2009  7 21  4  0 0.35848 0.00000
2009  7 21  5  0 5.22642 0.00000
2009  7 21  6  0 0.77358 0.00000
2009  7 21  7  0 0.00000 0.00000
2009  7 21  8  0 0.00000 0.00000
2009  7 21  9  0 0.00000 0.00000
2009  7 21 10  0 0.00000 0.00000
2009  7 21 11  0 0.00000 0.00000
2009  7 21 12  0 0.05660 0.00741
2009  7 21 13  0 0.00000 0.04430
2009  7 21 14  0 0.00000 0.11072
2009  7 21 15  0 0.05660 0.21064
2009  7 21 16  0 0.00000 0.24503
2009  7 21 17  0 0.00000 0.25941
2009  7 21 18  0 0.00000 0.35375
2009  7 21 19  0 0.00000 0.42936
2009  7 21 20  0 0.00000 0.37165
2009  7 21 21  0 0.00000 0.21069
2009  7 21 22  0 0.00000 0.13869
2009  7 21 23  0 0.05660 0.11175
2009  7 22  0  0 0.00000 0.04484
2009  7 22  1  0 0.00000 0.00526
2009  7 22  2  0 0.00000 0.00000
2009  7 22  3  0 0.00000 0.00000
2009  7 22  4  0 0.00000 0.00000
2009  7 22  5  0 0.00000 0.00000
2009  7 22  6  0 0.00000 0.00000
2009  7 22  7  0 0.00000 0.00000
2009  7 22  8  0 0.00000 0.00000
2009  7 22  9  0 0.00000 0.00000
2009  7 22 10  0 0.00000 0.00000
2009  7 22 11  0 0.00000 0.00000
2009  7 22 12  0 0.00000 0.00780
2009  7 22 13  0 0.00000 0.04587
2009  7 22 14  0 0.00000 0.10376
2009  7 22 15  0 0.00000 0.12190
2009  7 22 16  0 0.00000 0.16944
2009  7 22 17  0 0.00000 0.20993
2009  7 22 18  0 0.00000 0.18260
2009  7 22 19  0 0.00000 0.21114
2009  7 22 20  0 0.00000 0.35260
2009  7 22 21  0 0.00000 0.35866
2009  7 22 22  0 0.18868 0.17701
2009  7 22 23  0 0.30188 0.05341
2009  7 23  0  0 0.05660 0.01584
2009  7 23  1  0 0.00000 0.00244
2009  7 23  2  0 0.00000 0.00000
2009  7 23  3  0 0.00000 0.00000
2009  7 23  4  0 0.00000 0.00000
2009  7 23  5  0 0.00000 0.00000
2009  7 23  6  0 0.00000 0.00000
2009  7 23  7  0 0.00000 0.00000
2009  7 23  8  0 0.00000 0.00000
2009  7 23  9  0 0.00000 0.00000
2009  7 23 10  0 0.05660 0.00000
2009  7 23 11  0 0.00000 0.00000
2009  7 23 12  0 0.00000 0.00476
2009  7 23 13  0 0.00000 0.04092
2009  7 23 14  0 0.00000 0.12117
2009  7 23 15  0 0.00000 0.18248
2009  7 23 16  0 0.00000 0.26716
2009  7 23 17  0 0.00000 0.34770
2009  7 23 18  0 0.00000 0.36864
2009  7 23 19  0 0.00000 0.32281
2009  7 23 20  0 0.00000 0.31413
2009  7 23 21  0 0.00000 0.17092
2009  7 23 22  0 0.00000 0.04697
2009  7 23 23  0 0.00000 0.02279
2009  7 24  0  0 0.00000 0.01044
2009  7 24  1  0 0.00000 0.00186
2009  7 24  2  0 0.00000 0.00000
2009  7 24  3  0 0.00000 0.00000
2009  7 24  4  0 0.00000 0.00000
2009  7 24  5  0 0.00000 0.00000
2009  7 24  6  0 0.15094 0.00000
2009  7 24  7  0 0.00000 0.00000
2009  7 24  8  0 0.00000 0.00000
2009  7 24  9  0 0.00000 0.00000
2009  7 24 10  0 0.00000 0.00000
2009  7 24 11  0 0.00000 0.00012
2009  7 24 12  0 0.00000 0.02479
2009  7 24 13  0 0.00000 0.11446
2009  7 24 14  0 0.05660 0.20546
2009  7 24 15  0 0.00000 0.25905
2009  7 24 16  0 0.00000 0.29094
2009  7 24 17  0 0.00000 0.35232
2009  7 24 18  0 0.52830 0.31584
2009  7 24 19  0 0.96226 0.11982
2009  7 24 20  0 8.28302 0.01653
2009  7 24 21  0 0.05660 0.00672
2009  7 24 22  0 0.00000 0.01230
2009  7 24 23  0 0.05660 0.01154
2009  7 25  0  0 0.00000 0.00437
2009  7 25  1  0 0.00000 0.00077
2009  7 25  2  0 0.00000 0.00000
2009  7 25  3  0 0.00000 0.00000
2009  7 25  4  0 0.00000 0.00000
2009  7 25  5  0 0.00000 0.00000
2009  7 25  6  0 0.00000 0.00000
2009  7 25  7  0 0.00000 0.00000
2009  7 25  8  0 0.05660 0.00000
2009  7 25  9  0 0.00000 0.00000
2009  7 25 10  0 0.00000 0.00000
2009  7 25 11  0 0.00000 0.00000
2009  7 25 12  0 0.00000 0.00424
2009  7 25 13  0 0.00000 0.02196
2009  7 25 14  0 0.00000 0.08148
2009  7 25 15  0 0.00000 0.17052
2009  7 25 16  0 0.00000 0.32662
2009  7 25 17  0 0.00000 0.41617
2009  7 25 18  0 0.00000 0.42046
2009  7 25 19  0 0.00000 0.36171
2009  7 25 20  0 0.00000 0.35013
2009  7 25 21  0 0.05660 0.24878
2009  7 25 22  0 0.00000 0.11737
2009  7 25 23  0 0.00000 0.09364
2009  7 26  0  0 0.00000 0.04512
2009  7 26  1  0 0.00000 0.00410
2009  7 26  2  0 0.00000 0.00000
2009  7 26  3  0 0.00000 0.00000
2009  7 26  4  0 0.00000 0.00000
2009  7 26  5  0 0.00000 0.00000
2009  7 26  6  0 0.00000 0.00000
2009  7 26  7  0 0.00000 0.00000
2009  7 26  8  0 0.00000 0.00000
2009  7 26  9  0 0.00000 0.00000
2009  7 26 10  0 0.00000 0.00000
2009  7 26 11  0 0.00000 0.00000
2009  7 26 12  0 0.00000 0.01257
2009  7 26 13  0 0.00000 0.09602
2009  7 26 14  0 0.00000 0.20211
2009  7 26 15  0 0.00000 0.27952
2009  7 26 16  0 0.00000 0.31986
2009  7 26 17  0 0.00000 0.28947
2009  7 26 18  0 0.00000 0.30130
2009  7 26 19  0 0.00000 0.33209
2009  7 26 20  0 0.00000 0.33018
2009  7 26 21  0 0.00000 0.35924
2009  7 26 22  0 0.00000 0.30538
2009  7 26 23  0 0.00000 0.16826
2009  7 27  0  0 0.00000 0.05124
2009  7 27  1  0 0.00000 0.00540
2009  7 27  2  0 0.00000 0.00000
2009  7 27  3  0 0.00000 0.00000
2009  7 27  4  0 0.00000 0.00000
2009  7 27  5  0 0.00000 0.00000
2009  7 27  6  0 0.00000 0.00000
2009  7 27  7  0 0.00000 0.00000
2009  7 27  8  0 0.00000 0.00000
2009  7 27  9  0 0.00000 0.00000
2009  7 27 10  0 0.00000 0.00000
2009  7 27 11  0 0.00000 0.00004
2009  7 27 12  0 0.00000 0.01062
2009  7 27 13  0 0.00000 0.05656
2009  7 27 14  0 0.00000 0.13503
2009  7 27 15  0 0.00000 0.27389
2009  7 27 16  0 0.00000 0.37068
2009  7 27 17  0 0.00000 0.41814
2009  7 27 18  0 0.00000 0.34169
2009  7 27 19  0 0.00000 0.25857
2009  7 27 20  0 0.00000 0.33084
2009  7 27 21  0 0.00000 0.31598
2009  7 27 22  0 0.00000 0.19930
2009  7 27 23  0 0.00000 0.09104
2009  7 28  0  0 0.00000 0.02860
2009  7 28  1  0 0.00000 0.00514
2009  7 28  2  0 0.00000 0.00000
2009  7 28  3  0 0.00000 0.00000
2009  7 28  4  0 0.00000 0.00000
2009  7 28  5  0 0.00000 0.00000
2009  7 28  6  0 0.00000 0.00000
2009  7 28  7  0 0.00000 0.00000
2009  7 28  8  0 0.00000 0.00000
2009  7 28  9  0 0.00000 0.00000
2009  7 28 10  0 0.00000 0.00000
2009  7 28 11  0 0.00000 0.00004
2009  7 28 12  0 0.00000 0.01248
2009  7 28 13  0 0.00000 0.05911
2009  7 28 14  0 0.00000 0.14694
2009  7 28 15  0 0.00000 0.22675
2009  7 28 16  0 0.00000 0.32424
2009  7 28 17  0 0.00000 0.29039
2009  7 28 18  0 0.00000 0.23794
2009  7 28 19  0 0.00000 0.27936
2009  7 28 20  0 0.00000 0.25942
2009  7 28 21  0 0.00000 0.13588
2009  7 28 22  0 0.00000 0.04473
2009  7 28 23  0 0.00000 0.02154
2009  7 29  0  0 0.00000 0.01064
2009  7 29  1  0 0.00000 0.00192
2009  7 29  2  0 0.00000 0.00000
2009  7 29  3  0 0.00000 0.00000
2009  7 29  4  0 0.00000 0.00000
2009  7 29  5  0 0.00000 0.00000
2009  7 29  6  0 0.00000 0.00000
2009  7 29  7  0 0.00000 0.00000
2009  7 29  8  0 0.00000 0.00000
2009  7 29  9  0 0.00000 0.00000
2009  7 29 10  0 0.00000 0.00000
2009  7 29 11  0 0.00000 0.00002
2009  7 29 12  0 0.00000 0.01705
2009  7 29 13  0 0.00000 0.08538
2009  7 29 14  0 0.00000 0.16586
2009  7 29 15  0 0.00000 0.21670
2009  7 29 16  0 0.00000 0.26984
2009  7 29 17  0 0.00000 0.28538
2009  7 29 18  0 0.00000 0.24392
2009  7 29 19  0 0.00000 0.29702
2009  7 29 20  0 0.00000 0.24119
2009  7 29 21  0 0.83019 0.09335
2009  7 29 22  0 0.00000 0.02676
2009  7 29 23  0 0.00000 0.02663
2009  7 30  0  0 0.00000 0.01317
2009  7 30  1  0 0.00000 0.00078
2009  7 30  2  0 0.00000 0.00000
2009  7 30  3  0 0.00000 0.00000
2009  7 30  4  0 0.00000 0.00000
2009  7 30  5  0 0.00000 0.00000
2009  7 30  6  0 0.00000 0.00000
2009  7 30  7  0 0.00000 0.00000
2009  7 30  8  0 0.00000 0.00000
2009  7 30  9  0 0.05660 0.00000
2009  7 30 10  0 1.22642 0.00000
2009  7 30 11  0 1.24528 0.00000
2009  7 30 12  0 1.52830 0.00019
2009  7 30 13  0 1.69810 0.00043
2009  7 30 14  0 0.86792 0.00138
2009  7 30 15  0 0.43396 0.00502
2009  7 30 16  0 0.09434 0.01464
2009  7 30 17  0 0.05660 0.04752
2009  7 30 18  0 0.00000 0.13604
2009  7 30 19  0 0.00000 0.19746
2009  7 30 20  0 0.00000 0.21010
2009  7 30 21  0 0.00000 0.15855
2009  7 30 22  0 0.00000 0.10728
2009  7 30 23  0 0.00000 0.06871
2009  7 31  0  0 0.00000 0.02666
2009  7 31  1  0 0.00000 0.00414
2009  7 31  2  0 0.00000 0.00000
2009  7 31  3  0 0.00000 0.00000
2009  7 31  4  0 0.00000 0.00000
2009  7 31  5  0 0.00000 0.00000
2009  7 31  6  0 0.00000 0.00000
2009  7 31  7  0 0.00000 0.00000
2009  7 31  8  0 0.00000 0.00000
2009  7 31  9  0 0.00000 0.00000
2009  7 31 10  0 0.00000 0.00000
2009  7 31 11  0 0.00000 0.00000
2009  7 31 12  0 0.00000 0.00580
2009  7 31 13  0 0.00000 0.02980
2009  7 31 14  0 0.00000 0.08758
2009  7 31 15  0 0.00000 0.17138
2009  7 31 16  0 0.00000 0.20395
2009  7 31 17  0 0.00000 0.24980
2009  7 31 18  0 0.00000 0.39144
2009  7 31 19  0 0.00000 0.44707
2009  7 31 20  0 0.00000 0.32146
2009  7 31 21  0 0.00000 0.14220
2009  7 31 22  0 0.00000 0.06836
2009  7 31 23  0 0.00000 0.05094
2009  8  1  0  0 0.00000 0.02028
2009  8  1  1  0 0.00000 0.00234
2009  8  1  2  0 0.00000 0.00000
2009  8  1  3  0 0.00000 0.00000
2009  8  1  4  0 0.05660 0.00000
2009  8  1  5  0 0.00000 0.00000
2009  8  1  6  0 0.00000 0.00000
2009  8  1  7  0 0.00000 0.00000
2009  8  1  8  0 0.00000 0.00000
2009  8  1  9  0 0.00000 0.00000
2009  8  1 10  0 0.00000 0.00000
2009  8  1 11  0 0.00000 0.00001
2009  8  1 12  0 0.00000 0.01716
2009  8  1 13  0 0.00000 0.08504
2009  8  1 14  0 0.00000 0.24959
2009  8  1 15  0 0.00000 0.33633
2009  8  1 16  0 0.00000 0.34522
2009  8  1 17  0 0.00000 0.40419
2009  8  1 18  0 0.00000 0.46668
2009  8  1 19  0 0.05660 0.52255
2009  8  1 20  0 5.66038 0.25183
2009  8  1 21  0 0.52830 0.04730
2009  8  1 22  0 0.37736 0.02561
2009  8  1 23  0 0.00000 0.04164
2009  8  2  0  0 0.00000 0.02887
2009  8  2  1  0 0.00000 0.00540
2009  8  2  2  0 0.00000 0.00000
2009  8  2  3  0 0.00000 0.00000
2009  8  2  4  0 0.00000 0.00000
2009  8  2  5  0 0.00000 0.00000
2009  8  2  6  0 0.00000 0.00000
2009  8  2  7  0 0.00000 0.00000
2009  8  2  8  0 0.00000 0.00000
2009  8  2  9  0 0.00000 0.00000
2009  8  2 10  0 0.00000 0.00000
2009  8  2 11  0 0.00000 0.00008
2009  8  2 12  0 0.05660 0.01683
2009  8  2 13  0 0.00000 0.10504
2009  8  2 14  0 0.00000 0.25110
2009  8  2 15  0 0.00000 0.38512
2009  8  2 16  0 0.00000 0.46890
2009  8  2 17  0 0.00000 0.54386
2009  8  2 18  0 0.00000 0.43564
2009  8  2 19  0 0.00000 0.20466
2009  8  2 20  0 0.05660 0.11238
2009  8  2 21  0 0.00000 0.13862
2009  8  2 22  0 0.00000 0.13009
2009  8  2 23  0 0.00000 0.07978
2009  8  3  0  0 0.00000 0.02765
2009  8  3  1  0 0.00000 0.00336
2009  8  3  2  0 0.00000 0.00000
2009  8  3  3  0 0.00000 0.00000
2009  8  3  4  0 0.00000 0.00000
2009  8  3  5  0 0.00000 0.00000
2009  8  3  6  0 0.00000 0.00000
2009  8  3  7  0 0.00000 0.00000
2009  8  3  8  0 0.00000 0.00000
2009  8  3  9  0 0.00000 0.00000
2009  8  3 10  0 0.00000 0.00000
2009  8  3 11  0 0.00000 0.00002
2009  8  3 12  0 0.00000 0.01294
2009  8  3 13  0 0.00000 0.07853
2009  8  3 14  0 0.00000 0.23032
2009  8  3 15  0 0.00000 0.36846
2009  8  3 16  0 0.00000 0.34540
2009  8  3 17  0 0.00000 0.35768
2009  8  3 18  0 0.00000 0.38492
2009  8  3 19  0 0.00000 0.36658
2009  8  3 20  0 0.00000 0.26922
2009  8  3 21  0 0.00000 0.29552
2009  8  3 22  0 0.00000 0.28756
2009  8  3 23  0 0.00000 0.15634
2009  8  4  0  0 0.00000 0.04274
2009  8  4  1  0 0.00000 0.00371
2009  8  4  2  0 0.00000 0.00000
2009  8  4  3  0 0.00000 0.00000
2009  8  4  4  0 0.00000 0.00000
2009  8  4  5  0 0.00000 0.00000
2009  8  4  6  0 0.00000 0.00000
2009  8  4  7  0 0.00000 0.00000
2009  8  4  8  0 0.00000 0.00000
2009  8  4  9  0 0.00000 0.00000
2009  8  4 10  0 0.00000 0.00000
2009  8  4 11  0 0.00000 0.00000
2009  8  4 12  0 0.00000 0.01469
2009  8  4 13  0 0.00000 0.10110
2009  8  4 14  0 0.00000 0.20622
2009  8  4 15  0 0.00000 0.23976
2009  8  4 16  0 0.00000 0.27773
2009  8  4 17  0 0.00000 0.29216
2009  8  4 18  0 0.00000 0.23410
2009  8  4 19  0 2.30188 0.17072
2009  8  4 20  0 2.05660 0.12853
2009  8  4 21  0 0.11320 0.13490
2009  8  4 22  0 0.00000 0.14504
2009  8  4 23  0 0.00000 0.08794
2009  8  5  0  0 0.00000 0.02391
2009  8  5  1  0 0.00000 0.00211
2009  8  5  2  0 0.00000 0.00000
2009  8  5  3  0 0.00000 0.00000
2009  8  5  4  0 0.00000 0.00000
2009  8  5  5  0 0.00000 0.00000
2009  8  5  6  0 0.00000 0.00000
2009  8  5  7  0 0.00000 0.00000
2009  8  5  8  0 0.05660 0.00000
2009  8  5  9  0 0.00000 0.00000
2009  8  5 10  0 0.00000 0.00000
2009  8  5 11  0 0.00000 0.00000
2009  8  5 12  0 0.00000 0.01667
2009  8  5 13  0 0.00000 0.11372
2009  8  5 14  0 0.00000 0.20921
2009  8  5 15  0 0.00000 0.19751
2009  8  5 16  0 0.00000 0.24084
2009  8  5 17  0 0.00000 0.21382
2009  8  5 18  0 4.20754 0.15204
2009  8  5 19  0 2.58490 0.05761
2009  8  5 20  0 3.52830 0.00525
2009  8  5 21  0 0.50942 0.00312
2009  8  5 22  0 0.11320 0.00435
2009  8  5 23  0 0.00000 0.00578
2009  8  6  0  0 0.00000 0.00365
2009  8  6  1  0 0.00000 0.00078
2009  8  6  2  0 0.00000 0.00000
2009  8  6  3  0 0.00000 0.00000
2009  8  6  4  0 0.00000 0.00000
2009  8  6  5  0 0.00000 0.00000
2009  8  6  6  0 0.00000 0.00000
2009  8  6  7  0 0.00000 0.00000
2009  8  6  8  0 0.00000 0.00000
2009  8  6  9  0 0.00000 0.00000
2009  8  6 10  0 0.00000 0.00000
2009  8  6 11  0 0.00000 0.00000
2009  8  6 12  0 0.00000 0.00583
2009  8  6 13  0 0.00000 0.04126
2009  8  6 14  0 0.00000 0.09429
2009  8  6 15  0 0.00000 0.14004
2009  8  6 16  0 0.00000 0.18280
2009  8  6 17  0 0.00000 0.28083
2009  8  6 18  0 0.00000 0.34398
2009  8  6 19  0 0.00000 0.36272
2009  8  6 20  0 0.00000 0.28645
2009  8  6 21  0 0.00000 0.20958
2009  8  6 22  0 0.00000 0.14762
2009  8  6 23  0 0.24528 0.05532
2009  8  7  0  0 0.00000 0.00737
2009  8  7  1  0 0.00000 0.00076
2009  8  7  2  0 0.05660 0.00000
2009  8  7  3  0 0.00000 0.00000
2009  8  7  4  0 0.00000 0.00000
2009  8  7  5  0 0.00000 0.00000
2009  8  7  6  0 0.00000 0.00000
2009  8  7  7  0 0.00000 0.00000
2009  8  7  8  0 0.00000 0.00000
2009  8  7  9  0 0.00000 0.00000
2009  8  7 10  0 0.05660 0.00000
2009  8  7 11  0 0.00000 0.00000
2009  8  7 12  0 0.00000 0.00639
2009  8  7 13  0 0.00000 0.03366
2009  8  7 14  0 0.00000 0.06088
2009  8  7 15  0 1.01886 0.05526
2009  8  7 16  0 0.98112 0.02646
2009  8  7 17  0 0.58490 0.01254
2009  8  7 18  0 0.11320 0.02144
2009  8  7 19  0 0.05660 0.04532
2009  8  7 20  0 0.00000 0.07162
2009  8  7 21  0 0.00000 0.09110
2009  8  7 22  0 0.00000 0.09198
2009  8  7 23  0 0.00000 0.06544
2009  8  8  0  0 0.00000 0.02190
2009  8  8  1  0 0.00000 0.00158
2009  8  8  2  0 0.00000 0.00000
2009  8  8  3  0 0.00000 0.00000
2009  8  8  4  0 0.00000 0.00000
2009  8  8  5  0 0.00000 0.00000
2009  8  8  6  0 0.00000 0.00000
2009  8  8  7  0 0.00000 0.00000
2009  8  8  8  0 0.00000 0.00000
2009  8  8  9  0 0.00000 0.00000
2009  8  8 10  0 0.00000 0.00000
2009  8  8 11  0 0.00000 0.00001
2009  8  8 12  0 0.00000 0.01314
2009  8  8 13  0 0.00000 0.05695
2009  8  8 14  0 0.00000 0.16981
2009  8  8 15  0 0.00000 0.24949
2009  8  8 16  0 0.00000 0.31860
2009  8  8 17  0 0.00000 0.38357
2009  8  8 18  0 0.00000 0.32696
2009  8  8 19  0 0.24528 0.18132
2009  8  8 20  0 0.41508 0.06725
2009  8  8 21  0 0.30188 0.02955
2009  8  8 22  0 0.00000 0.02928
2009  8  8 23  0 0.00000 0.02446
2009  8  9  0  0 0.00000 0.01022
2009  8  9  1  0 0.00000 0.00152
2009  8  9  2  0 0.00000 0.00000
2009  8  9  3  0 0.00000 0.00000
2009  8  9  4  0 3.24529 0.00000
2009  8  9  5  0 1.35849 0.00000
2009  8  9  6  0 0.00000 0.00000
2009  8  9  7  0 0.00000 0.00000
2009  8  9  8  0 0.05660 0.00000
2009  8  9  9  0 0.00000 0.00000
2009  8  9 10  0 0.00000 0.00000
2009  8  9 11  0 0.00000 0.00000
2009  8  9 12  0 0.00000 0.00473
2009  8  9 13  0 0.00000 0.02119
2009  8  9 14  0 0.00000 0.06887
2009  8  9 15  0 0.47170 0.11950
2009  8  9 16  0 0.00000 0.13476
2009  8  9 17  0 0.00000 0.23861
2009  8  9 18  0 0.20754 0.32274
2009  8  9 19  0 0.00000 0.13632
2009  8  9 20  0 0.00000 0.02934
2009  8  9 21  0 0.00000 0.04197
2009  8  9 22  0 0.00000 0.04768
2009  8  9 23  0 0.00000 0.02924
2009  8 10  0  0 0.00000 0.00825
2009  8 10  1  0 0.00000 0.00108
2009  8 10  2  0 0.00000 0.00000
2009  8 10  3  0 0.00000 0.00000
2009  8 10  4  0 6.07547 0.00000
2009  8 10  5  0 0.00000 0.00000
2009  8 10  6  0 0.24528 0.00000
2009  8 10  7  0 0.05660 0.00000
2009  8 10  8  0 0.00000 0.00000
2009  8 10  9  0 0.00000 0.00000
2009  8 10 10  0 0.00000 0.00000
2009  8 10 11  0 0.00000 0.00000
2009  8 10 12  0 0.00000 0.00500
2009  8 10 13  0 0.00000 0.03043
2009  8 10 14  0 0.00000 0.08035
2009  8 10 15  0 0.00000 0.18494
2009  8 10 16  0 0.00000 0.22903
2009  8 10 17  0 0.00000 0.26302
2009  8 10 18  0 0.00000 0.24176
2009  8 10 19  0 0.00000 0.17000
2009  8 10 20  0 0.00000 0.11643
2009  8 10 21  0 0.00000 0.11298
2009  8 10 22  0 0.00000 0.10241
2009  8 10 23  0 0.00000 0.06477
2009  8 11  0  0 0.00000 0.02078
2009  8 11  1  0 0.00000 0.00152
2009  8 11  2  0 0.00000 0.00000
2009  8 11  3  0 0.00000 0.00000
2009  8 11  4  0 0.00000 0.00000
2009  8 11  5  0 0.00000 0.00000
2009  8 11  6  0 0.00000 0.00000
2009  8 11  7  0 0.00000 0.00000
2009  8 11  8  0 0.00000 0.00000
2009  8 11  9  0 0.00000 0.00000
2009  8 11 10  0 0.00000 0.00000
2009  8 11 11  0 0.00000 0.00002
2009  8 11 12  0 0.00000 0.01441
2009  8 11 13  0 0.00000 0.08148
2009  8 11 14  0 0.00000 0.21998
2009  8 11 15  0 0.00000 0.41337
2009  8 11 16  0 0.00000 0.53931
2009  8 11 17  0 0.00000 0.46544
2009  8 11 18  0 0.00000 0.40919
2009  8 11 19  0 0.00000 0.34454
2009  8 11 20  0 0.00000 0.26388
2009  8 11 21  0 0.00000 0.21736
2009  8 11 22  0 0.00000 0.15463
2009  8 11 23  0 0.00000 0.08868
2009  8 12  0  0 0.00000 0.03111
2009  8 12  1  0 0.00000 0.00364
2009  8 12  2  0 0.00000 0.00000
2009  8 12  3  0 0.00000 0.00000
2009  8 12  4  0 0.00000 0.00000
2009  8 12  5  0 0.00000 0.00000
2009  8 12  6  0 0.00000 0.00000
2009  8 12  7  0 0.00000 0.00000
2009  8 12  8  0 0.00000 0.00000
2009  8 12  9  0 0.05660 0.00000
2009  8 12 10  0 0.00000 0.00000
2009  8 12 11  0 0.00000 0.00000
2009  8 12 12  0 0.00000 0.00719
2009  8 12 13  0 0.00000 0.06759
2009  8 12 14  0 0.00000 0.16612
2009  8 12 15  0 0.00000 0.17034
2009  8 12 16  0 0.05660 0.19999
2009  8 12 17  0 0.00000 0.31604
2009  8 12 18  0 0.00000 0.41223
2009  8 12 19  0 0.00000 0.32153
2009  8 12 20  0 0.05660 0.21858
2009  8 12 21  0 0.00000 0.19400
2009  8 12 22  0 0.00000 0.13696
2009  8 12 23  0 0.00000 0.06337
2009  8 13  0  0 0.00000 0.01756
2009  8 13  1  0 0.00000 0.00184
2009  8 13  2  0 0.00000 0.00000
2009  8 13  3  0 0.00000 0.00000
2009  8 13  4  0 0.00000 0.00000
2009  8 13  5  0 0.00000 0.00000
2009  8 13  6  0 0.05660 0.00000
2009  8 13  7  0 0.00000 0.00000
2009  8 13  8  0 0.00000 0.00000
2009  8 13  9  0 0.00000 0.00000
2009  8 13 10  0 0.00000 0.00000
2009  8 13 11  0 0.00000 0.00000
2009  8 13 12  0 0.00000 0.01254
2009  8 13 13  0 0.00000 0.04526
2009  8 13 14  0 0.00000 0.13904
2009  8 13 15  0 0.00000 0.34626
2009  8 13 16  0 0.00000 0.45001
2009  8 13 17  0 0.09434 0.31287
2009  8 13 18  0 0.52830 0.24070
2009  8 13 19  0 0.00000 0.22516
2009  8 13 20  0 1.11320 0.26844
2009  8 13 21  0 5.75471 0.13746
2009  8 13 22  0 0.86792 0.03225
2009  8 13 23  0 0.00000 0.03700
2009  8 14  0  0 0.00000 0.02086
2009  8 14  1  0 0.00000 0.00306
2009  8 14  2  0 0.00000 0.00000
2009  8 14  3  0 0.00000 0.00000
2009  8 14  4  0 0.00000 0.00000
2009  8 14  5  0 0.00000 0.00000
2009  8 14  6  0 0.00000 0.00000
2009  8 14  7  0 0.00000 0.00000
2009  8 14  8  0 0.09434 0.00000
2009  8 14  9  0 0.00000 0.00000
2009  8 14 10  0 0.00000 0.00000
2009  8 14 11  0 0.62264 0.00000
2009  8 14 12  0 0.00000 0.00510
2009  8 14 13  0 0.00000 0.03704
2009  8 14 14  0 0.00000 0.08353
2009  8 14 15  0 0.05660 0.14478
2009  8 14 16  0 0.05660 0.13965
2009  8 14 17  0 0.24528 0.17910
2009  8 14 18  0 0.16980 0.10764
2009  8 14 19  0 0.15094 0.05436
2009  8 14 20  0 0.00000 0.07767
2009  8 14 21  0 0.00000 0.06136
2009  8 14 22  0 0.00000 0.04191
2009  8 14 23  0 0.00000 0.02718
2009  8 15  0  0 0.00000 0.00907
2009  8 15  1  0 0.00000 0.00102
2009  8 15  2  0 0.00000 0.00000
2009  8 15  3  0 0.00000 0.00000
2009  8 15  4  0 0.00000 0.00000
2009  8 15  5  0 0.00000 0.00000
2009  8 15  6  0 0.00000 0.00000
2009  8 15  7  0 0.00000 0.00000
2009  8 15  8  0 0.05660 0.00000
2009  8 15  9  0 0.00000 0.00000
2009  8 15 10  0 0.00000 0.00000
2009  8 15 11  0 0.00000 0.00000
2009  8 15 12  0 0.00000 0.01006
2009  8 15 13  0 0.00000 0.05754
2009  8 15 14  0 0.00000 0.09918
2009  8 15 15  0 0.00000 0.17268
2009  8 15 16  0 0.00000 0.27988
2009  8 15 17  0 0.00000 0.39727
2009  8 15 18  0 0.00000 0.44678
2009  8 15 19  0 0.00000 0.39724
2009  8 15 20  0 0.00000 0.29454
2009  8 15 21  0 0.20754 0.27650
2009  8 15 22  0 0.09434 0.19284
2009  8 15 23  0 0.00000 0.06413
2009  8 16  0  0 0.00000 0.01290
2009  8 16  1  0 0.00000 0.00270
2009  8 16  2  0 0.00000 0.00000
2009  8 16  3  0 0.00000 0.00000
2009  8 16  4  0 0.00000 0.00000
2009  8 16  5  0 0.00000 0.00000
2009  8 16  6  0 0.00000 0.00000
2009  8 16  7  0 0.00000 0.00000
2009  8 16  8  0 0.00000 0.00000
2009  8 16  9  0 0.00000 0.00000
2009  8 16 10  0 0.00000 0.00000
2009  8 16 11  0 0.05660 0.00000
2009  8 16 12  0 0.00000 0.00587
2009  8 16 13  0 0.00000 0.03604
2009  8 16 14  0 0.00000 0.10458
2009  8 16 15  0 0.00000 0.29597
2009  8 16 16  0 1.43396 0.30223
2009  8 16 17  0 0.00000 0.37704
2009  8 16 18  0 0.00000 0.34514
2009  8 16 19  0 0.00000 0.32603
2009  8 16 20  0 0.00000 0.34809
2009  8 16 21  0 0.00000 0.20339
2009  8 16 22  0 0.00000 0.05734
2009  8 16 23  0 0.00000 0.01171
2009  8 17  0  0 0.00000 0.00291
2009  8 17  1  0 0.05660 0.00030
2009  8 17  2  0 0.00000 0.00000
2009  8 17  3  0 0.00000 0.00000
2009  8 17  4  0 0.00000 0.00000
2009  8 17  5  0 0.00000 0.00000
2009  8 17  6  0 0.00000 0.00000
2009  8 17  7  0 0.05660 0.00000
2009  8 17  8  0 0.00000 0.00000
2009  8 17  9  0 0.00000 0.00000
2009  8 17 10  0 0.00000 0.00000
2009  8 17 11  0 0.00000 0.00000
2009  8 17 12  0 0.00000 0.01086
2009  8 17 13  0 0.00000 0.06330
2009  8 17 14  0 0.00000 0.18650
2009  8 17 15  0 0.00000 0.29672
2009  8 17 16  0 0.00000 0.29939
2009  8 17 17  0 0.00000 0.28525
2009  8 17 18  0 0.00000 0.51988
2009  8 17 19  0 0.05660 0.35636
2009  8 17 20  0 0.43396 0.07808
2009  8 17 21  0 0.05660 0.02237
2009  8 17 22  0 0.00000 0.01928
2009  8 17 23  0 0.00000 0.01524
2009  8 18  0  0 0.00000 0.00805
2009  8 18  1  0 0.00000 0.00158
2009  8 18  2  0 0.00000 0.00000
2009  8 18  3  0 0.00000 0.00000
2009  8 18  4  0 0.00000 0.00000
2009  8 18  5  0 0.00000 0.00000
2009  8 18  6  0 0.00000 0.00000
2009  8 18  7  0 0.00000 0.00000
2009  8 18  8  0 0.00000 0.00000
2009  8 18  9  0 0.00000 0.00000
2009  8 18 10  0 0.00000 0.00000
2009  8 18 11  0 0.00000 0.00000
2009  8 18 12  0 0.00000 0.01180
2009  8 18 13  0 0.05660 0.09233
2009  8 18 14  0 0.00000 0.19057
2009  8 18 15  0 0.00000 0.24071
2009  8 18 16  0 0.00000 0.30217
2009  8 18 17  0 0.56604 0.31823
2009  8 18 18  0 10.05660 0.21140
2009  8 18 19  0 0.96226 0.06782
2009  8 18 20  0 0.05660 0.05155
2009  8 18 21  0 0.15094 0.04818
2009  8 18 22  0 0.00000 0.03066
2009  8 18 23  0 0.00000 0.02086
2009  8 19  0  0 0.00000 0.00788
2009  8 19  1  0 0.00000 0.00112
2009  8 19  2  0 0.00000 0.00000
2009  8 19  3  0 0.00000 0.00000
2009  8 19  4  0 0.00000 0.00000
2009  8 19  5  0 0.00000 0.00000
2009  8 19  6  0 0.05660 0.00000
2009  8 19  7  0 0.00000 0.00000
2009  8 19  8  0 0.00000 0.00000
2009  8 19  9  0 0.00000 0.00000
2009  8 19 10  0 0.00000 0.00000
2009  8 19 11  0 0.00000 0.00000
2009  8 19 12  0 0.00000 0.00950
2009  8 19 13  0 0.00000 0.06082
2009  8 19 14  0 0.00000 0.16970
2009  8 19 15  0 0.05660 0.17713
2009  8 19 16  0 0.00000 0.20060
2009  8 19 17  0 0.00000 0.29310
2009  8 19 18  0 1.43396 0.28685
2009  8 19 19  0 7.11320 0.12906
2009  8 19 20  0 1.33962 0.02376
2009  8 19 21  0 0.09434 0.00966
2009  8 19 22  0 0.00000 0.02180
2009  8 19 23  0 0.00000 0.02250
2009  8 20  0  0 0.00000 0.00864
2009  8 20  1  0 0.00000 0.00092
2009  8 20  2  0 0.00000 0.00000
2009  8 20  3  0 0.00000 0.00000
2009  8 20  4  0 0.00000 0.00000
2009  8 20  5  0 0.00000 0.00000
2009  8 20  6  0 0.05660 0.00000
2009  8 20  7  0 2.24528 0.00000
2009  8 20  8  0 0.15094 0.00000
2009  8 20  9  0 1.09434 0.00000
2009  8 20 10  0 0.81132 0.00000
2009  8 20 11  0 0.00000 0.00000
2009  8 20 12  0 0.00000 0.00247
2009  8 20 13  0 0.81132 0.02111
2009  8 20 14  0 1.01886 0.05112
2009  8 20 15  0 0.00000 0.13746
2009  8 20 16  0 0.00000 0.24480
2009  8 20 17  0 0.00000 0.32079
2009  8 20 18  0 0.00000 0.40234
2009  8 20 19  0 4.75471 0.25149
2009  8 20 20  0 0.15094 0.06122
2009  8 20 21  0 0.00000 0.01410
2009  8 20 22  0 0.05660 0.02681
2009  8 20 23  0 0.00000 0.02601
2009  8 21  0  0 0.09434 0.00820
2009  8 21  1  0 0.00000 0.00020
2009  8 21  2  0 0.00000 0.00000
2009  8 21  3  0 0.00000 0.00000
2009  8 21  4  0 0.00000 0.00000
2009  8 21  5  0 0.00000 0.00000
2009  8 21  6  0 0.00000 0.00000
2009  8 21  7  0 0.00000 0.00000
2009  8 21  8  0 0.00000 0.00000
2009  8 21  9  0 0.05660 0.00000
2009  8 21 10  0 0.00000 0.00000
2009  8 21 11  0 0.00000 0.00000
2009  8 21 12  0 0.00000 0.01676
2009  8 21 13  0 0.00000 0.09036
2009  8 21 14  0 0.00000 0.21328
2009  8 21 15  0 0.00000 0.28592
2009  8 21 16  0 0.00000 0.27950
2009  8 21 17  0 0.00000 0.34401
2009  8 21 18  0 0.00000 0.29278
2009  8 21 19  0 0.00000 0.23786
2009  8 21 20  0 0.00000 0.17026
2009  8 21 21  0 0.00000 0.11747
2009  8 21 22  0 0.00000 0.06150
2009  8 21 23  0 0.00000 0.02308
2009  8 22  0  0 0.00000 0.01009
2009  8 22  1  0 0.00000 0.00204
2009  8 22  2  0 0.00000 0.00000
2009  8 22  3  0 0.00000 0.00000
2009  8 22  4  0 0.00000 0.00000
2009  8 22  5  0 0.00000 0.00000
2009  8 22  6  0 0.00000 0.00000
2009  8 22  7  0 0.00000 0.00000
2009  8 22  8  0 0.00000 0.00000
2009  8 22  9  0 0.00000 0.00000
2009  8 22 10  0 0.00000 0.00000
2009  8 22 11  0 0.00000 0.00000
2009  8 22 12  0 0.05660 0.00932
2009  8 22 13  0 0.00000 0.04824
2009  8 22 14  0 0.00000 0.17340
2009  8 22 15  0 0.00000 0.33304
2009  8 22 16  0 0.00000 0.38208
2009  8 22 17  0 0.00000 0.22456
2009  8 22 18  0 0.00000 0.23504
2009  8 22 19  0 0.00000 0.21752
2009  8 22 20  0 0.00000 0.30158
2009  8 22 21  0 0.00000 0.26287
2009  8 22 22  0 0.00000 0.13306
2009  8 22 23  0 0.00000 0.04757
2009  8 23  0  0 0.00000 0.00758
2009  8 23  1  0 0.00000 0.00058
2009  8 23  2  0 0.00000 0.00000
2009  8 23  3  0 0.00000 0.00000
2009  8 23  4  0 0.00000 0.00000
2009  8 23  5  0 0.09434 0.00000
2009  8 23  6  0 0.00000 0.00000
2009  8 23  7  0 0.05660 0.00000
2009  8 23  8  0 0.00000 0.00000
2009  8 23  9  0 0.05660 0.00000
2009  8 23 10  0 0.20754 0.00000
2009  8 23 11  0 0.00000 0.00000
2009  8 23 12  0 0.00000 0.00206
2009  8 23 13  0 0.09434 0.02406
2009  8 23 14  0 0.00000 0.07945
2009  8 23 15  0 0.11320 0.09617
2009  8 23 16  0 1.01886 0.06036
2009  8 23 17  0 0.90566 0.10972
2009  8 23 18  0 0.00000 0.26768
2009  8 23 19  0 0.00000 0.21312
2009  8 23 20  0 0.00000 0.10159
2009  8 23 21  0 0.00000 0.11328
2009  8 23 22  0 0.11320 0.08478
2009  8 23 23  0 0.00000 0.03261
2009  8 24  0  0 0.00000 0.00996
2009  8 24  1  0 0.00000 0.00174
2009  8 24  2  0 0.00000 0.00000
2009  8 24  3  0 0.00000 0.00000
2009  8 24  4  0 0.15094 0.00000
2009  8 24  5  0 1.15094 0.00000
2009  8 24  6  0 0.33962 0.00000
2009  8 24  7  0 0.00000 0.00000
2009  8 24  8  0 0.05660 0.00000
2009  8 24  9  0 0.00000 0.00000
2009  8 24 10  0 0.00000 0.00000
2009  8 24 11  0 0.00000 0.00000
2009  8 24 12  0 0.05660 0.00366
2009  8 24 13  0 0.00000 0.02987
2009  8 24 14  0 0.00000 0.09751
2009  8 24 15  0 0.00000 0.21982
2009  8 24 16  0 0.00000 0.41722
2009  8 24 17  0 0.00000 0.54615
2009  8 24 18  0 0.00000 0.60983
2009  8 24 19  0 0.00000 0.57272
2009  8 24 20  0 0.05660 0.43688
2009  8 24 21  0 0.00000 0.17228
2009  8 24 22  0 0.05660 0.04126
2009  8 24 23  0 0.00000 0.02988
2009  8 25  0  0 0.00000 0.01160
2009  8 25  1  0 0.00000 0.00110
2009  8 25  2  0 0.00000 0.00000
2009  8 25  3  0 0.00000 0.00000
2009  8 25  4  0 0.00000 0.00000
2009  8 25  5  0 0.00000 0.00000
2009  8 25  6  0 0.00000 0.00000
2009  8 25  7  0 0.00000 0.00000
2009  8 25  8  0 0.00000 0.00000
2009  8 25  9  0 0.00000 0.00000
2009  8 25 10  0 0.00000 0.00000
2009  8 25 11  0 0.00000 0.00000
2009  8 25 12  0 0.00000 0.01440
2009  8 25 13  0 0.00000 0.07209
2009  8 25 14  0 0.00000 0.17654
2009  8 25 15  0 0.00000 0.33666
2009  8 25 16  0 0.00000 0.49689
2009  8 25 17  0 0.00000 0.42914
2009  8 25 18  0 0.00000 0.46458
2009  8 25 19  0 0.00000 0.46868
2009  8 25 20  0 0.00000 0.33646
2009  8 25 21  0 0.00000 0.20839
2009  8 25 22  0 0.00000 0.12816
2009  8 25 23  0 0.00000 0.10440
2009  8 26  0  0 0.00000 0.04929
2009  8 26  1  0 0.00000 0.00624
2009  8 26  2  0 0.00000 0.00000
2009  8 26  3  0 0.00000 0.00000
2009  8 26  4  0 0.00000 0.00000
2009  8 26  5  0 0.00000 0.00000
2009  8 26  6  0 0.00000 0.00000
2009  8 26  7  0 0.00000 0.00000
2009  8 26  8  0 0.00000 0.00000
2009  8 26  9  0 0.00000 0.00000
2009  8 26 10  0 0.00000 0.00000
2009  8 26 11  0 0.00000 0.00000
2009  8 26 12  0 0.00000 0.01063
2009  8 26 13  0 0.00000 0.05976
2009  8 26 14  0 0.00000 0.11501
2009  8 26 15  0 0.00000 0.11782
2009  8 26 16  0 0.00000 0.14142
2009  8 26 17  0 0.00000 0.22782
2009  8 26 18  0 0.90566 0.44062
2009  8 26 19  0 10.30188 0.44227
2009  8 26 20  0 3.73584 0.18646
2009  8 26 21  0 0.00000 0.04191
2009  8 26 22  0 0.00000 0.04071
2009  8 26 23  0 0.00000 0.04005
2009  8 27  0  0 0.00000 0.01542
2009  8 27  1  0 0.00000 0.00158
2009  8 27  2  0 0.00000 0.00000
2009  8 27  3  0 0.00000 0.00000
2009  8 27  4  0 0.00000 0.00000
2009  8 27  5  0 0.00000 0.00000
2009  8 27  6  0 0.00000 0.00000
2009  8 27  7  0 0.00000 0.00000
2009  8 27  8  0 0.05660 0.00000
2009  8 27  9  0 0.00000 0.00000
2009  8 27 10  0 0.00000 0.00000
2009  8 27 11  0 0.00000 0.00000
2009  8 27 12  0 0.00000 0.00347
2009  8 27 13  0 0.00000 0.03890
2009  8 27 14  0 0.00000 0.12258
2009  8 27 15  0 0.00000 0.23279
2009  8 27 16  0 0.00000 0.29314
2009  8 27 17  0 0.24528 0.14571
2009  8 27 18  0 1.05660 0.06910
2009  8 27 19  0 0.09434 0.06459
2009  8 27 20  0 0.00000 0.06870
2009  8 27 21  0 0.09434 0.05823
2009  8 27 22  0 0.00000 0.05156
2009  8 27 23  0 0.00000 0.03628
2009  8 28  0  0 0.00000 0.01119
2009  8 28  1  0 0.00000 0.00096
2009  8 28  2  0 0.00000 0.00000
2009  8 28  3  0 0.00000 0.00000
2009  8 28  4  0 0.00000 0.00000
2009  8 28  5  0 0.00000 0.00000
2009  8 28  6  0 0.00000 0.00000
2009  8 28  7  0 0.00000 0.00000
2009  8 28  8  0 0.00000 0.00000
2009  8 28  9  0 0.11320 0.00000
2009  8 28 10  0 0.00000 0.00000
2009  8 28 11  0 0.00000 0.00000
2009  8 28 12  0 0.00000 0.00322
2009  8 28 13  0 0.00000 0.02332
2009  8 28 14  0 0.00000 0.10206
2009  8 28 15  0 0.00000 0.12937
2009  8 28 16  0 0.00000 0.13762
2009  8 28 17  0 0.00000 0.21648
2009  8 28 18  0 0.00000 0.22448
2009  8 28 19  0 0.00000 0.19620
2009  8 28 20  0 0.00000 0.22924
2009  8 28 21  0 0.00000 0.20286
2009  8 28 22  0 0.00000 0.12496
2009  8 28 23  0 0.00000 0.06196
2009  8 29  0  0 0.00000 0.01744
2009  8 29  1  0 0.00000 0.00110
2009  8 29  2  0 0.00000 0.00000
2009  8 29  3  0 0.00000 0.00000
2009  8 29  4  0 0.00000 0.00000
2009  8 29  5  0 0.00000 0.00000
2009  8 29  6  0 0.00000 0.00000
2009  8 29  7  0 0.00000 0.00000
2009  8 29  8  0 0.00000 0.00000
2009  8 29  9  0 0.00000 0.00000
2009  8 29 10  0 0.00000 0.00000
2009  8 29 11  0 0.00000 0.00000
2009  8 29 12  0 0.05660 0.01064
2009  8 29 13  0 2.43396 0.06608
2009  8 29 14  0 0.00000 0.14183
2009  8 29 15  0 0.71698 0.11886
2009  8 29 16  0 0.00000 0.17036
2009  8 29 17  0 0.00000 0.36439
2009  8 29 18  0 0.00000 0.49112
2009  8 29 19  0 2.24528 0.28596
2009  8 29 20  0 3.49056 0.06058
2009  8 29 21  0 1.49056 0.00372
2009  8 29 22  0 1.37736 0.00088
2009  8 29 23  0 0.62264 0.00041
2009  8 30  0  0 0.37736 0.00012
2009  8 30  1  0 0.20754 0.00001
2009  8 30  2  0 0.00000 0.00000
2009  8 30  3  0 0.00000 0.00000
2009  8 30  4  0 0.00000 0.00000
2009  8 30  5  0 0.00000 0.00000
2009  8 30  6  0 0.00000 0.00000
2009  8 30  7  0 0.00000 0.00000
2009  8 30  8  0 0.00000 0.00000
2009  8 30  9  0 0.00000 0.00001
2009  8 30 10  0 0.00000 0.00004
2009  8 30 11  0 0.05660 0.00007
2009  8 30 12  0 0.00000 0.00102
2009  8 30 13  0 0.05660 0.02479
2009  8 30 14  0 0.00000 0.06653
2009  8 30 15  0 0.28302 0.08834
2009  8 30 16  0 0.30188 0.14588
2009  8 30 17  0 0.00000 0.37853
2009  8 30 18  0 0.00000 0.44072
2009  8 30 19  0 2.64150 0.23458
2009  8 30 20  0 0.58490 0.08332
2009  8 30 21  0 0.00000 0.09453
2009  8 30 22  0 0.00000 0.10224
2009  8 30 23  0 0.00000 0.06144
2009  8 31  0  0 0.00000 0.01848
2009  8 31  1  0 0.00000 0.00144
2009  8 31  2  0 0.00000 0.00000
2009  8 31  3  0 0.00000 0.00000
2009  8 31  4  0 0.00000 0.00000
2009  8 31  5  0 0.00000 0.00000
2009  8 31  6  0 0.00000 0.00000
2009  8 31  7  0 0.00000 0.00000
2009  8 31  8  0 0.00000 0.00000
2009  8 31  9  0 0.00000 0.00000
2009  8 31 10  0 0.00000 0.00000
2009  8 31 11  0 0.00000 0.00000
2009  8 31 12  0 0.00000 0.00496
2009  8 31 13  0 0.00000 0.05207
2009  8 31 14  0 0.00000 0.15968
2009  8 31 15  0 0.00000 0.33898
2009  8 31 16  0 0.00000 0.31946
2009  8 31 17  0 0.00000 0.28205
2009  8 31 18  0 0.18868 0.30816
2009  8 31 19  0 0.00000 0.19163
2009  8 31 20  0 0.05660 0.16105
2009  8 31 21  0 0.00000 0.11802
2009  8 31 22  0 0.00000 0.06391
2009  8 31 23  0 0.00000 0.04620
2009  9  1  0  0 0.00000 0.01727
2009  9  1  1  0 0.00000 0.00136
2009  9  1  2  0 0.00000 0.00000
2009  9  1  3  0 0.00000 0.00000
2009  9  1  4  0 0.00000 0.00000
2009  9  1  5  0 0.00000 0.00000
2009  9  1  6  0 0.00000 0.00000
2009  9  1  7  0 0.00000 0.00000
2009  9  1  8  0 0.00000 0.00000
2009  9  1  9  0 0.00000 0.00000
2009  9  1 10  0 0.00000 0.00000
2009  9  1 11  0 0.00000 0.00001
2009  9  1 12  0 0.00000 0.01818
2009  9  1 13  0 0.00000 0.11285
2009  9  1 14  0 0.00000 0.27138
2009  9  1 15  0 0.00000 0.30645
2009  9  1 16  0 0.00000 0.26961
2009  9  1 17  0 0.00000 0.33772
2009  9  1 18  0 0.09434 0.31350
2009  9  1 19  0 0.05660 0.36406
2009  9  1 20  0 0.05660 0.35075
2009  9  1 21  0 0.00000 0.24330
2009  9  1 22  0 0.00000 0.17716
2009  9  1 23  0 0.00000 0.11392
2009  9  2  0  0 0.00000 0.03514
2009  9  2  1  0 0.00000 0.00182
2009  9  2  2  0 0.00000 0.00000
2009  9  2  3  0 0.00000 0.00000
2009  9  2  4  0 0.00000 0.00000
2009  9  2  5  0 0.00000 0.00000
2009  9  2  6  0 0.00000 0.00000
2009  9  2  7  0 0.00000 0.00000
2009  9  2  8  0 0.00000 0.00000
2009  9  2  9  0 0.00000 0.00000
2009  9  2 10  0 0.05660 0.00000
2009  9  2 11  0 0.00000 0.00003
2009  9  2 12  0 0.00000 0.02227
2009  9  2 13  0 0.00000 0.10316
2009  9  2 14  0 0.00000 0.15562
2009  9  2 15  0 0.00000 0.26442
2009  9  2 16  0 0.00000 0.38850
2009  9  2 17  0 0.00000 0.43355
2009  9  2 18  0 0.00000 0.37817
2009  9  2 19  0 0.00000 0.49490
2009  9  2 20  0 0.00000 0.54154
2009  9  2 21  0 0.00000 0.37002
2009  9  2 22  0 0.00000 0.23362
2009  9  2 23  0 0.00000 0.11716
2009  9  3  0  0 0.00000 0.02663
2009  9  3  1  0 0.00000 0.00132
2009  9  3  2  0 0.00000 0.00000
2009  9  3  3  0 0.00000 0.00000
2009  9  3  4  0 0.00000 0.00000
2009  9  3  5  0 0.00000 0.00000
2009  9  3  6  0 0.00000 0.00000
2009  9  3  7  0 0.00000 0.00000
2009  9  3  8  0 0.00000 0.00000
2009  9  3  9  0 0.00000 0.00000
2009  9  3 10  0 0.00000 0.00000
2009  9  3 11  0 0.00000 0.00000
2009  9  3 12  0 0.00000 0.00794
2009  9  3 13  0 0.00000 0.05416
2009  9  3 14  0 0.00000 0.11412
2009  9  3 15  0 0.00000 0.21830
2009  9  3 16  0 0.00000 0.21486
2009  9  3 17  0 0.00000 0.23312
2009  9  3 18  0 1.86792 0.27478
2009  9  3 19  0 0.24528 0.17582
2009  9  3 20  0 0.05660 0.07534
2009  9  3 21  0 0.67924 0.02803
2009  9  3 22  0 0.16980 0.00849
2009  9  3 23  0 0.00000 0.00704
2009  9  4  0  0 0.00000 0.00340
2009  9  4  1  0 0.00000 0.00030
2009  9  4  2  0 0.00000 0.00000
2009  9  4  3  0 0.00000 0.00000
2009  9  4  4  0 0.00000 0.00000
2009  9  4  5  0 0.00000 0.00000
2009  9  4  6  0 0.00000 0.00000
2009  9  4  7  0 0.00000 0.00000
2009  9  4  8  0 0.00000 0.00000
2009  9  4  9  0 0.00000 0.00000
2009  9  4 10  0 0.00000 0.00000
2009  9  4 11  0 0.00000 0.00000
2009  9  4 12  0 0.00000 0.00361
2009  9  4 13  0 0.00000 0.02900
2009  9  4 14  0 0.00000 0.05122
2009  9  4 15  0 0.00000 0.12527
2009  9  4 16  0 0.00000 0.22017
2009  9  4 17  0 0.00000 0.20963
2009  9  4 18  0 0.00000 0.39627
2009  9  4 19  0 0.00000 0.51787
2009  9  4 20  0 0.05660 0.29744
2009  9  4 21  0 0.05660 0.09834
2009  9  4 22  0 0.00000 0.05174
2009  9  4 23  0 0.00000 0.02762
2009  9  5  0  0 0.00000 0.00627
2009  9  5  1  0 0.00000 0.00038
2009  9  5  2  0 0.00000 0.00000
2009  9  5  3  0 0.00000 0.00000
2009  9  5  4  0 0.00000 0.00000
2009  9  5  5  0 0.00000 0.00000
2009  9  5  6  0 0.00000 0.00000
2009  9  5  7  0 0.00000 0.00000
2009  9  5  8  0 0.00000 0.00000
2009  9  5  9  0 0.00000 0.00000
2009  9  5 10  0 0.00000 0.00000
2009  9  5 11  0 0.00000 0.00000
2009  9  5 12  0 0.00000 0.00540
2009  9  5 13  0 0.00000 0.10700
2009  9  5 14  0 0.00000 0.21754
2009  9  5 15  0 0.00000 0.30700
2009  9  5 16  0 0.00000 0.42889
2009  9  5 17  0 0.00000 0.44972
2009  9  5 18  0 0.00000 0.51278
2009  9  5 19  0 0.33962 0.43964
2009  9  5 20  0 0.49056 0.16512
2009  9  5 21  0 0.00000 0.05263
2009  9  5 22  0 0.05660 0.04905
2009  9  5 23  0 0.00000 0.02840
2009  9  6  0  0 0.00000 0.00912
2009  9  6  1  0 0.00000 0.00118
2009  9  6  2  0 0.00000 0.00000
2009  9  6  3  0 0.00000 0.00000
2009  9  6  4  0 0.00000 0.00000
2009  9  6  5  0 0.00000 0.00000
2009  9  6  6  0 0.00000 0.00000
2009  9  6  7  0 0.00000 0.00000
2009  9  6  8  0 0.00000 0.00000
2009  9  6  9  0 0.00000 0.00000
2009  9  6 10  0 0.00000 0.00000
2009  9  6 11  0 0.00000 0.00001
2009  9  6 12  0 0.00000 0.00766
2009  9  6 13  0 0.00000 0.05421
2009  9  6 14  0 0.00000 0.17970
2009  9  6 15  0 0.00000 0.27672
2009  9  6 16  0 0.00000 0.30490
2009  9  6 17  0 0.00000 0.26966
2009  9  6 18  0 0.00000 0.38926
2009  9  6 19  0 0.00000 0.47244
2009  9  6 20  0 0.00000 0.32462
2009  9  6 21  0 0.15094 0.17960
2009  9  6 22  0 0.05660 0.10312
2009  9  6 23  0 0.00000 0.04602
2009  9  7  0  0 0.00000 0.01127
2009  9  7  1  0 0.00000 0.00070
2009  9  7  2  0 0.00000 0.00000
2009  9  7  3  0 0.00000 0.00000
2009  9  7  4  0 0.00000 0.00000
2009  9  7  5  0 0.00000 0.00000
2009  9  7  6  0 0.00000 0.00000
2009  9  7  7  0 0.00000 0.00000
2009  9  7  8  0 0.00000 0.00000
2009  9  7  9  0 0.00000 0.00000
2009  9  7 10  0 0.00000 0.00000
2009  9  7 11  0 0.05660 0.00001
2009  9  7 12  0 0.00000 0.00810
2009  9  7 13  0 0.00000 0.11776
2009  9  7 14  0 0.00000 0.24612
2009  9  7 15  0 0.00000 0.38598
2009  9  7 16  0 0.00000 0.40314
2009  9  7 17  0 0.00000 0.53274
2009  9  7 18  0 0.00000 0.51584
2009  9  7 19  0 0.00000 0.36109
2009  9  7 20  0 0.00000 0.20334
2009  9  7 21  0 0.00000 0.14764
2009  9  7 22  0 0.00000 0.10235
2009  9  7 23  0 0.00000 0.04011
2009  9  8  0  0 0.00000 0.00908
2009  9  8  1  0 0.00000 0.00082
2009  9  8  2  0 0.00000 0.00000
2009  9  8  3  0 0.00000 0.00000
2009  9  8  4  0 0.00000 0.00000
2009  9  8  5  0 0.00000 0.00000
2009  9  8  6  0 0.00000 0.00000
2009  9  8  7  0 0.33962 0.00000
2009  9  8  8  0 0.00000 0.00000
2009  9  8  9  0 0.00000 0.00000
2009  9  8 10  0 0.00000 0.00000
2009  9  8 11  0 0.00000 0.00000
2009  9  8 12  0 0.00000 0.02325
2009  9  8 13  0 0.00000 0.10745
2009  9  8 14  0 0.00000 0.20768
2009  9  8 15  0 0.00000 0.25432
2009  9  8 16  0 0.00000 0.41126
2009  9  8 17  0 0.00000 0.50295
2009  9  8 18  0 0.00000 0.33075
2009  9  8 19  0 0.00000 0.28275
2009  9  8 20  0 0.00000 0.31342
2009  9  8 21  0 0.05660 0.16743
2009  9  8 22  0 3.79245 0.04421
2009  9  8 23  0 0.05660 0.02494
2009  9  9  0  0 0.00000 0.01080
2009  9  9  1  0 0.00000 0.00049
2009  9  9  2  0 0.00000 0.00000
2009  9  9  3  0 0.00000 0.00000
2009  9  9  4  0 0.00000 0.00000
2009  9  9  5  0 0.00000 0.00000
2009  9  9  6  0 0.00000 0.00000
2009  9  9  7  0 0.00000 0.00000
2009  9  9  8  0 0.00000 0.00000
2009  9  9  9  0 0.00000 0.00000
2009  9  9 10  0 0.05660 0.00000
2009  9  9 11  0 0.00000 0.00000
2009  9  9 12  0 0.00000 0.00793
2009  9  9 13  0 0.00000 0.03334
2009  9  9 14  0 0.00000 0.11500
2009  9  9 15  0 0.00000 0.18414
2009  9  9 16  0 0.09434 0.22366
2009  9  9 17  0 0.00000 0.14234
2009  9  9 18  0 0.00000 0.12778
2009  9  9 19  0 0.00000 0.12340
2009  9  9 20  0 0.00000 0.06352
2009  9  9 21  0 0.00000 0.03390
2009  9  9 22  0 0.00000 0.03544
2009  9  9 23  0 0.00000 0.02646
2009  9 10  0  0 0.00000 0.00822
2009  9 10  1  0 0.00000 0.00053
2009  9 10  2  0 0.00000 0.00000
2009  9 10  3  0 0.00000 0.00000
2009  9 10  4  0 0.00000 0.00000
2009  9 10  5  0 0.00000 0.00000
2009  9 10  6  0 0.00000 0.00000
2009  9 10  7  0 0.00000 0.00000
2009  9 10  8  0 0.00000 0.00000
2009  9 10  9  0 0.00000 0.00000
2009  9 10 10  0 0.00000 0.00000
2009  9 10 11  0 0.00000 0.00000
2009  9 10 12  0 0.00000 0.01566
2009  9 10 13  0 0.00000 0.14561
2009  9 10 14  0 0.00000 0.22896
2009  9 10 15  0 0.00000 0.25068
2009  9 10 16  0 0.00000 0.30259
2009  9 10 17  0 0.00000 0.45704
2009  9 10 18  0 0.00000 0.54747
2009  9 10 19  0 0.00000 0.52860
2009  9 10 20  0 0.00000 0.47981
2009  9 10 21  0 0.00000 0.40206
2009  9 10 22  0 0.00000 0.26936
2009  9 10 23  0 0.05660 0.12934
2009  9 11  0  0 0.05660 0.03266
2009  9 11  1  0 0.05660 0.00148
2009  9 11  2  0 0.00000 0.00000
2009  9 11  3  0 0.00000 0.00000
2009  9 11  4  0 0.00000 0.00000
2009  9 11  5  0 0.00000 0.00000
2009  9 11  6  0 0.00000 0.00000
2009  9 11  7  0 0.05660 0.00000
2009  9 11  8  0 0.00000 0.00000
2009  9 11  9  0 0.00000 0.00000
2009  9 11 10  0 0.00000 0.00000
2009  9 11 11  0 0.00000 0.00002
2009  9 11 12  0 0.00000 0.01489
2009  9 11 13  0 0.00000 0.07823
2009  9 11 14  0 0.00000 0.15744
2009  9 11 15  0 0.00000 0.29756
2009  9 11 16  0 0.00000 0.40658
2009  9 11 17  0 0.00000 0.46258
2009  9 11 18  0 0.00000 0.42384
2009  9 11 19  0 0.18868 0.36050
2009  9 11 20  0 0.00000 0.27192
2009  9 11 21  0 0.00000 0.14794
2009  9 11 22  0 0.00000 0.07003
2009  9 11 23  0 0.00000 0.05560
2009  9 12  0  0 0.00000 0.02240
2009  9 12  1  0 0.00000 0.00052
2009  9 12  2  0 0.00000 0.00000
2009  9 12  3  0 0.20754 0.00000
2009  9 12  4  0 0.00000 0.00000
2009  9 12  5  0 0.00000 0.00000
2009  9 12  6  0 0.00000 0.00000
2009  9 12  7  0 0.00000 0.00000
2009  9 12  8  0 0.00000 0.00000
2009  9 12  9  0 0.00000 0.00000
2009  9 12 10  0 0.05660 0.00000
2009  9 12 11  0 0.00000 0.00000
2009  9 12 12  0 0.00000 0.00790
2009  9 12 13  0 0.00000 0.04224
2009  9 12 14  0 0.00000 0.16101
2009  9 12 15  0 0.00000 0.28564
2009  9 12 16  0 1.52830 0.26984
2009  9 12 17  0 0.00000 0.17580
2009  9 12 18  0 0.00000 0.18687
2009  9 12 19  0 0.00000 0.17918
2009  9 12 20  0 0.05660 0.11124
2009  9 12 21  0 0.00000 0.08074
2009  9 12 22  0 0.00000 0.05080
2009  9 12 23  0 0.00000 0.01878
2009  9 13  0  0 0.00000 0.00376
2009  9 13  1  0 0.00000 0.00006
2009  9 13  2  0 0.00000 0.00000
2009  9 13  3  0 0.00000 0.00000
2009  9 13  4  0 0.00000 0.00000
2009  9 13  5  0 0.00000 0.00000
2009  9 13  6  0 0.00000 0.00000
2009  9 13  7  0 0.00000 0.00000
2009  9 13  8  0 0.00000 0.00000
2009  9 13  9  0 0.00000 0.00000
2009  9 13 10  0 0.00000 0.00000
2009  9 13 11  0 0.00000 0.00000
2009  9 13 12  0 0.00000 0.00592
2009  9 13 13  0 0.00000 0.03573
2009  9 13 14  0 0.00000 0.15996
2009  9 13 15  0 0.00000 0.36818
2009  9 13 16  0 0.00000 0.31133
2009  9 13 17  0 0.00000 0.24271
2009  9 13 18  0 0.00000 0.24218
2009  9 13 19  0 0.05660 0.12502
2009  9 13 20  0 0.15094 0.04060
2009  9 13 21  0 0.00000 0.05903
2009  9 13 22  0 0.00000 0.04762
2009  9 13 23  0 0.05660 0.01830
2009  9 14  0  0 0.00000 0.00492
2009  9 14  1  0 0.00000 0.00046
2009  9 14  2  0 0.00000 0.00000
2009  9 14  3  0 0.00000 0.00000
2009  9 14  4  0 0.00000 0.00000
2009  9 14  5  0 0.00000 0.00000
2009  9 14  6  0 0.00000 0.00000
2009  9 14  7  0 0.00000 0.00000
2009  9 14  8  0 0.00000 0.00000
2009  9 14  9  0 0.00000 0.00000
2009  9 14 10  0 0.00000 0.00000
2009  9 14 11  0 0.00000 0.00000
2009  9 14 12  0 0.00000 0.00833
2009  9 14 13  0 0.00000 0.06677
2009  9 14 14  0 0.00000 0.18714
2009  9 14 15  0 0.00000 0.32542
2009  9 14 16  0 0.00000 0.44500
2009  9 14 17  0 0.24528 0.51006
2009  9 14 18  0 0.00000 0.52515
2009  9 14 19  0 0.00000 0.35438
2009  9 14 20  0 0.00000 0.15102
2009  9 14 21  0 0.00000 0.14097
2009  9 14 22  0 0.00000 0.20314
2009  9 14 23  0 0.00000 0.14829
2009  9 15  0  0 0.00000 0.04022
2009  9 15  1  0 0.00000 0.00076
2009  9 15  2  0 0.00000 0.00000
2009  9 15  3  0 0.00000 0.00000
2009  9 15  4  0 0.00000 0.00000
2009  9 15  5  0 0.00000 0.00000
2009  9 15  6  0 0.00000 0.00000
2009  9 15  7  0 0.00000 0.00000
2009  9 15  8  0 0.05660 0.00000
2009  9 15  9  0 0.00000 0.00000
2009  9 15 10  0 0.00000 0.00000
2009  9 15 11  0 0.00000 0.00000
2009  9 15 12  0 0.00000 0.00703
2009  9 15 13  0 0.33962 0.03414
2009  9 15 14  0 0.15094 0.10562
2009  9 15 15  0 0.00000 0.23308
2009  9 15 16  0 0.00000 0.42446
2009  9 15 17  0 0.00000 0.46064
2009  9 15 18  0 0.00000 0.41827
2009  9 15 19  0 0.00000 0.45538
2009  9 15 20  0 0.00000 0.44632
2009  9 15 21  0 0.00000 0.27742
2009  9 15 22  0 0.00000 0.18287
2009  9 15 23  0 0.00000 0.10034
2009  9 16  0  0 0.00000 0.02170
2009  9 16  1  0 0.00000 0.00106
2009  9 16  2  0 0.00000 0.00000
2009  9 16  3  0 0.00000 0.00000
2009  9 16  4  0 0.00000 0.00000
2009  9 16  5  0 0.00000 0.00000
2009  9 16  6  0 0.00000 0.00000
2009  9 16  7  0 0.00000 0.00000
2009  9 16  8  0 0.00000 0.00000
2009  9 16  9  0 0.00000 0.00000
2009  9 16 10  0 0.00000 0.00000
2009  9 16 11  0 0.00000 0.00000
2009  9 16 12  0 0.00000 0.00853
2009  9 16 13  0 0.00000 0.09143
2009  9 16 14  0 0.00000 0.18002
2009  9 16 15  0 0.00000 0.21454
2009  9 16 16  0 0.00000 0.25976
2009  9 16 17  0 0.00000 0.30200
2009  9 16 18  0 0.00000 0.23437
2009  9 16 19  0 0.00000 0.29027
2009  9 16 20  0 0.05660 0.21341
2009  9 16 21  0 0.00000 0.06626
2009  9 16 22  0 0.00000 0.03666
2009  9 16 23  0 0.00000 0.02831
2009  9 17  0  0 0.00000 0.00826
2009  9 17  1  0 0.00000 0.00042
2009  9 17  2  0 0.00000 0.00000
2009  9 17  3  0 0.00000 0.00000
2009  9 17  4  0 0.00000 0.00000
2009  9 17  5  0 0.00000 0.00000
2009  9 17  6  0 0.00000 0.00000
2009  9 17  7  0 0.00000 0.00000
2009  9 17  8  0 0.05660 0.00000
2009  9 17  9  0 0.00000 0.00000
2009  9 17 10  0 0.00000 0.00000
2009  9 17 11  0 0.00000 0.00000
2009  9 17 12  0 0.00000 0.00320
2009  9 17 13  0 0.00000 0.03052
2009  9 17 14  0 0.00000 0.09763
2009  9 17 15  0 0.00000 0.28326
2009  9 17 16  0 0.00000 0.38742
2009  9 17 17  0 0.05660 0.40141
2009  9 17 18  0 0.00000 0.34843
2009  9 17 19  0 0.00000 0.35288
2009  9 17 20  0 0.00000 0.34581
2009  9 17 21  0 0.00000 0.22903
2009  9 17 22  0 0.00000 0.09977
2009  9 17 23  0 0.00000 0.04114
2009  9 18  0  0 0.00000 0.01273
2009  9 18  1  0 0.00000 0.00062
2009  9 18  2  0 0.00000 0.00000
2009  9 18  3  0 0.00000 0.00000
2009  9 18  4  0 0.00000 0.00000
2009  9 18  5  0 0.00000 0.00000
2009  9 18  6  0 0.00000 0.00000
2009  9 18  7  0 0.00000 0.00000
2009  9 18  8  0 0.00000 0.00000
2009  9 18  9  0 0.00000 0.00000
2009  9 18 10  0 0.00000 0.00000
2009  9 18 11  0 0.00000 0.00001
2009  9 18 12  0 0.00000 0.01905
2009  9 18 13  0 0.00000 0.10468
2009  9 18 14  0 0.00000 0.20404
2009  9 18 15  0 0.00000 0.34803
2009  9 18 16  0 0.00000 0.49484
2009  9 18 17  0 0.00000 0.57615
2009  9 18 18  0 0.00000 0.48252
2009  9 18 19  0 0.00000 0.39625
2009  9 18 20  0 0.00000 0.44969
2009  9 18 21  0 0.00000 0.35400
2009  9 18 22  0 0.00000 0.19051
2009  9 18 23  0 0.00000 0.13072
2009  9 19  0  0 0.00000 0.05058
2009  9 19  1  0 0.00000 0.00228
2009  9 19  2  0 0.00000 0.00000
2009  9 19  3  0 0.00000 0.00000
2009  9 19  4  0 0.00000 0.00000
2009  9 19  5  0 0.00000 0.00000
2009  9 19  6  0 0.00000 0.00000
2009  9 19  7  0 0.00000 0.00000
2009  9 19  8  0 0.00000 0.00000
2009  9 19  9  0 0.00000 0.00000
2009  9 19 10  0 0.00000 0.00000
2009  9 19 11  0 0.00000 0.00000
2009  9 19 12  0 0.00000 0.01598
2009  9 19 13  0 0.00000 0.05396
2009  9 19 14  0 0.00000 0.15387
2009  9 19 15  0 0.00000 0.26960
2009  9 19 16  0 0.00000 0.35400
2009  9 19 17  0 0.00000 0.43462
2009  9 19 18  0 0.00000 0.44415
2009  9 19 19  0 0.00000 0.43663
2009  9 19 20  0 0.00000 0.31678
2009  9 19 21  0 0.00000 0.12498
2009  9 19 22  0 0.00000 0.04276
2009  9 19 23  0 0.00000 0.03635
2009  9 20  0  0 0.00000 0.01535
2009  9 20  1  0 0.00000 0.00096
2009  9 20  2  0 0.00000 0.00000
2009  9 20  3  0 0.00000 0.00000
2009  9 20  4  0 0.00000 0.00000
2009  9 20  5  0 0.00000 0.00000
2009  9 20  6  0 0.00000 0.00000
2009  9 20  7  0 0.00000 0.00000
2009  9 20  8  0 0.00000 0.00000
2009  9 20  9  0 0.00000 0.00000
2009  9 20 10  0 0.00000 0.00000
2009  9 20 11  0 0.00000 0.00000
2009  9 20 12  0 0.00000 0.01850
2009  9 20 13  0 0.00000 0.10065
2009  9 20 14  0 0.00000 0.24837
2009  9 20 15  0 0.00000 0.38740
2009  9 20 16  0 0.00000 0.49630
2009  9 20 17  0 0.00000 0.56844
2009  9 20 18  0 0.05660 0.44252
2009  9 20 19  0 0.00000 0.34894
2009  9 20 20  0 0.00000 0.36931
2009  9 20 21  0 0.00000 0.24454
2009  9 20 22  0 0.00000 0.10306
2009  9 20 23  0 0.00000 0.03548
2009  9 21  0  0 0.00000 0.00636
2009  9 21  1  0 0.00000 0.00025
2009  9 21  2  0 0.00000 0.00000
2009  9 21  3  0 0.00000 0.00000
2009  9 21  4  0 0.00000 0.00000
2009  9 21  5  0 0.00000 0.00000
2009  9 21  6  0 0.00000 0.00000
2009  9 21  7  0 0.00000 0.00000
2009  9 21  8  0 0.05660 0.00000
2009  9 21  9  0 0.00000 0.00000
2009  9 21 10  0 0.00000 0.00000
2009  9 21 11  0 0.00000 0.00000
2009  9 21 12  0 0.00000 0.01496
2009  9 21 13  0 0.00000 0.07980
2009  9 21 14  0 0.00000 0.21148
2009  9 21 15  0 0.00000 0.33136
2009  9 21 16  0 0.00000 0.36246
2009  9 21 17  0 2.16981 0.32570
2009  9 21 18  0 0.00000 0.17444
2009  9 21 19  0 0.00000 0.10778
2009  9 21 20  0 0.00000 0.11802
2009  9 21 21  0 0.00000 0.12940
2009  9 21 22  0 0.00000 0.10148
2009  9 21 23  0 0.00000 0.04205
2009  9 22  0  0 0.00000 0.00727
2009  9 22  1  0 0.00000 0.00020
2009  9 22  2  0 0.28302 0.00000
2009  9 22  3  0 0.15094 0.00000
2009  9 22  4  0 0.00000 0.00000
2009  9 22  5  0 0.05660 0.00000
2009  9 22  6  0 0.00000 0.00000
2009  9 22  7  0 0.00000 0.00000
2009  9 22  8  0 0.00000 0.00000
2009  9 22  9  0 0.00000 0.00000
2009  9 22 10  0 0.00000 0.00000
2009  9 22 11  0 0.15094 0.00000
2009  9 22 12  0 0.15094 0.00086
2009  9 22 13  0 0.20754 0.00519
2009  9 22 14  0 1.49056 0.01622
2009  9 22 15  0 0.88678 0.01250
2009  9 22 16  0 0.43396 0.01403
2009  9 22 17  0 0.00000 0.04737
2009  9 22 18  0 0.00000 0.10088
2009  9 22 19  0 0.00000 0.18373
2009  9 22 20  0 0.00000 0.24786
2009  9 22 21  0 0.00000 0.26232
2009  9 22 22  0 0.00000 0.21604
2009  9 22 23  0 0.00000 0.11495
2009  9 23  0  0 0.00000 0.02752
2009  9 23  1  0 0.00000 0.00065
2009  9 23  2  0 0.00000 0.00000
2009  9 23  3  0 0.00000 0.00000
2009  9 23  4  0 0.00000 0.00000
2009  9 23  5  0 0.00000 0.00000
2009  9 23  6  0 0.00000 0.00000
2009  9 23  7  0 0.00000 0.00000
2009  9 23  8  0 0.00000 0.00000
2009  9 23  9  0 0.00000 0.00000
2009  9 23 10  0 0.05660 0.00000
2009  9 23 11  0 0.00000 0.00000
2009  9 23 12  0 0.00000 0.01036
2009  9 23 13  0 0.00000 0.06167
2009  9 23 14  0 0.00000 0.21121
2009  9 23 15  0 0.00000 0.22176
2009  9 23 16  0 0.00000 0.19690
2009  9 23 17  0 0.00000 0.39031
2009  9 23 18  0 0.00000 0.47270
2009  9 23 19  0 0.00000 0.31971
2009  9 23 20  0 0.00000 0.23408
2009  9 23 21  0 0.00000 0.22672
2009  9 23 22  0 0.00000 0.14116
2009  9 23 23  0 0.00000 0.04477
2009  9 24  0  0 0.00000 0.00644
2009  9 24  1  0 0.00000 0.00011
2009  9 24  2  0 0.00000 0.00000
2009  9 24  3  0 0.00000 0.00000
2009  9 24  4  0 0.00000 0.00000
2009  9 24  5  0 0.00000 0.00000
2009  9 24  6  0 0.00000 0.00000
2009  9 24  7  0 0.00000 0.00000
2009  9 24  8  0 0.00000 0.00000
2009  9 24  9  0 0.00000 0.00000
2009  9 24 10  0 0.05660 0.00000
2009  9 24 11  0 0.00000 0.00003
2009  9 24 12  0 0.00000 0.00772
2009  9 24 13  0 0.00000 0.08921
2009  9 24 14  0 0.00000 0.20992
2009  9 24 15  0 0.00000 0.32406
2009  9 24 16  0 0.00000 0.44058
2009  9 24 17  0 0.00000 0.49632
2009  9 24 18  0 0.00000 0.27634
2009  9 24 19  0 0.00000 0.29744
2009  9 24 20  0 0.00000 0.36294
2009  9 24 21  0 0.00000 0.26976
2009  9 24 22  0 0.00000 0.17580
2009  9 24 23  0 0.00000 0.08703
2009  9 25  0  0 0.00000 0.01973
2009  9 25  1  0 0.00000 0.00032
2009  9 25  2  0 0.00000 0.00000
2009  9 25  3  0 0.00000 0.00000
2009  9 25  4  0 0.05660 0.00000
2009  9 25  5  0 0.00000 0.00000
2009  9 25  6  0 0.00000 0.00000
2009  9 25  7  0 0.00000 0.00000
2009  9 25  8  0 0.05660 0.00000
2009  9 25  9  0 0.00000 0.00000
2009  9 25 10  0 0.00000 0.00000
2009  9 25 11  0 0.00000 0.00000
2009  9 25 12  0 0.00000 0.00390
2009  9 25 13  0 0.00000 0.01624
2009  9 25 14  0 0.00000 0.13066
2009  9 25 15  0 0.00000 0.21008
2009  9 25 16  0 0.00000 0.24138
2009  9 25 17  0 0.00000 0.28630
2009  9 25 18  0 0.00000 0.29791
2009  9 25 19  0 0.00000 0.26474
2009  9 25 20  0 0.00000 0.16089
2009  9 25 21  0 0.00000 0.09774
2009  9 25 22  0 0.00000 0.07293
2009  9 25 23  0 0.00000 0.03362
2009  9 26  0  0 0.00000 0.00640
2009  9 26  1  0 0.00000 0.00012
2009  9 26  2  0 0.00000 0.00000
2009  9 26  3  0 0.00000 0.00000
2009  9 26  4  0 0.00000 0.00000
2009  9 26  5  0 0.00000 0.00000
2009  9 26  6  0 0.00000 0.00000
2009  9 26  7  0 0.00000 0.00000
2009  9 26  8  0 0.05660 0.00000
2009  9 26  9  0 0.00000 0.00000
2009  9 26 10  0 0.00000 0.00000
2009  9 26 11  0 0.00000 0.00000
2009  9 26 12  0 0.00000 0.00493
2009  9 26 13  0 0.00000 0.03395
2009  9 26 14  0 0.00000 0.14439
2009  9 26 15  0 0.00000 0.27984
2009  9 26 16  0 0.00000 0.41034
2009  9 26 17  0 0.00000 0.33926
2009  9 26 18  0 0.00000 0.29152
2009  9 26 19  0 0.00000 0.21560
2009  9 26 20  0 0.00000 0.13765
2009  9 26 21  0 0.00000 0.11119
2009  9 26 22  0 0.00000 0.07748
2009  9 26 23  0 0.00000 0.03162
2009  9 27  0  0 0.00000 0.00533
2009  9 27  1  0 0.00000 0.00014
2009  9 27  2  0 0.00000 0.00000
2009  9 27  3  0 0.00000 0.00000
2009  9 27  4  0 0.00000 0.00000
2009  9 27  5  0 0.00000 0.00000
2009  9 27  6  0 0.05660 0.00000
2009  9 27  7  0 0.00000 0.00000
2009  9 27  8  0 0.00000 0.00000
2009  9 27  9  0 0.05660 0.00000
2009  9 27 10  0 0.00000 0.00000
2009  9 27 11  0 0.00000 0.00000
2009  9 27 12  0 0.18868 0.00504
2009  9 27 13  0 0.00000 0.05598
2009  9 27 14  0 0.00000 0.08560
2009  9 27 15  0 0.00000 0.14719
2009  9 27 16  0 0.00000 0.23847
2009  9 27 17  0 0.00000 0.30520
2009  9 27 18  0 0.00000 0.29283
2009  9 27 19  0 0.62264 0.18150
2009  9 27 20  0 0.39622 0.06958
2009  9 27 21  0 0.00000 0.06868
2009  9 27 22  0 0.00000 0.04993
2009  9 27 23  0 0.05660 0.01230
2009  9 28  0  0 0.05660 0.00143
2009  9 28  1  0 0.00000 0.00004
2009  9 28  2  0 0.00000 0.00000
2009  9 28  3  0 0.00000 0.00000
2009  9 28  4  0 0.00000 0.00000
2009  9 28  5  0 0.00000 0.00000
2009  9 28  6  0 0.05660 0.00000
2009  9 28  7  0 0.00000 0.00000
2009  9 28  8  0 0.00000 0.00000
2009  9 28  9  0 0.00000 0.00000
2009  9 28 10  0 0.00000 0.00000
2009  9 28 11  0 0.00000 0.00000
2009  9 28 12  0 0.00000 0.00435
2009  9 28 13  0 0.00000 0.01906
2009  9 28 14  0 0.00000 0.03076
2009  9 28 15  0 0.00000 0.09174
2009  9 28 16  0 0.00000 0.15668
2009  9 28 17  0 0.00000 0.19130
2009  9 28 18  0 0.00000 0.21512
2009  9 28 19  0 0.00000 0.20038
2009  9 28 20  0 0.00000 0.24414
2009  9 28 21  0 0.00000 0.22375
2009  9 28 22  0 0.00000 0.18050
2009  9 28 23  0 0.00000 0.10696
2009  9 29  0  0 0.00000 0.02546
2009  9 29  1  0 0.00000 0.00030
2009  9 29  2  0 0.00000 0.00000
2009  9 29  3  0 0.00000 0.00000
2009  9 29  4  0 0.00000 0.00000
2009  9 29  5  0 0.00000 0.00000
2009  9 29  6  0 0.00000 0.00000
2009  9 29  7  0 0.00000 0.00000
2009  9 29  8  0 0.00000 0.00000
2009  9 29  9  0 0.00000 0.00000
2009  9 29 10  0 0.00000 0.00000
2009  9 29 11  0 0.00000 0.00002
2009  9 29 12  0 0.00000 0.01804
2009  9 29 13  0 0.00000 0.08862
2009  9 29 14  0 0.00000 0.24991
2009  9 29 15  0 0.00000 0.34005
2009  9 29 16  0 0.00000 0.36476
2009  9 29 17  0 0.00000 0.43894
2009  9 29 18  0 0.00000 0.48045
2009  9 29 19  0 0.00000 0.37098
2009  9 29 20  0 0.00000 0.32163
2009  9 29 21  0 0.00000 0.24398
2009  9 29 22  0 0.00000 0.16801
2009  9 29 23  0 0.00000 0.09528
2009  9 30  0  0 0.00000 0.02310
2009  9 30  1  0 0.00000 0.00036
2009  9 30  2  0 0.00000 0.00000
2009  9 30  3  0 0.00000 0.00000
2009  9 30  4  0 0.00000 0.00000
2009  9 30  5  0 0.00000 0.00000
2009  9 30  6  0 0.05660 0.00000
2009  9 30  7  0 0.00000 0.00000
2009  9 30  8  0 0.00000 0.00000
2009  9 30  9  0 0.00000 0.00000
2009  9 30 10  0 0.00000 0.00000
2009  9 30 11  0 0.00000 0.00007
2009  9 30 12  0 0.00000 0.02399
2009  9 30 13  0 0.00000 0.09352
2009  9 30 14  0 0.00000 0.17852
2009  9 30 15  0 0.00000 0.30076
2009  9 30 16  0 0.00000 0.34368
2009  9 30 17  0 0.05660 0.42918
2009  9 30 18  0 0.11320 0.30902
2009  9 30 19  0 0.18868 0.22332
2009  9 30 20  0 0.00000 0.18326
2009  9 30 21  0 0.00000 0.13902
2009  9 30 22  0 0.05660 0.08972
2009  9 30 23  0 0.00000 0.04370
2009 10  1  0  0 0.00000 0.01179
2009 10  1  1  0 0.00000 0.00010
2009 10  1  2  0 0.00000 0.00000
2009 10  1  3  0 0.00000 0.00000
2009 10  1  4  0 0.00000 0.00000
2009 10  1  5  0 0.00000 0.00000
2009 10  1  6  0 0.00000 0.00000
2009 10  1  7  0 0.00000 0.00000
2009 10  1  8  0 0.11320 0.00000
2009 10  1  9  0 0.00000 0.00000
2009 10  1 10  0 0.00000 0.00000
2009 10  1 11  0 0.00000 0.00000
2009 10  1 12  0 0.00000 0.01020
2009 10  1 13  0 0.00000 0.04842
2009 10  1 14  0 0.00000 0.12168
2009 10  1 15  0 0.00000 0.20910
2009 10  1 16  0 0.00000 0.17329
2009 10  1 17  0 0.00000 0.11588
2009 10  1 18  0 0.11320 0.08578
2009 10  1 19  0 0.24528 0.07021
2009 10  1 20  0 0.26414 0.03820
2009 10  1 21  0 0.05660 0.03144
2009 10  1 22  0 0.00000 0.04227
2009 10  1 23  0 0.00000 0.02564
2009 10  2  0  0 0.00000 0.00542
2009 10  2  1  0 0.00000 0.00006
2009 10  2  2  0 0.00000 0.00000
2009 10  2  3  0 0.00000 0.00000
2009 10  2  4  0 0.00000 0.00000
2009 10  2  5  0 0.00000 0.00000
2009 10  2  6  0 0.00000 0.00000
2009 10  2  7  0 0.00000 0.00000
2009 10  2  8  0 0.00000 0.00000
2009 10  2  9  0 0.00000 0.00000
2009 10  2 10  0 0.00000 0.00000
2009 10  2 11  0 0.00000 0.00003
2009 10  2 12  0 0.00000 0.01244
2009 10  2 13  0 0.00000 0.09378
2009 10  2 14  0 0.00000 0.16297
2009 10  2 15  0 0.00000 0.31194
2009 10  2 16  0 0.00000 0.33210
2009 10  2 17  0 0.00000 0.30480
2009 10  2 18  0 0.00000 0.35065
2009 10  2 19  0 0.00000 0.33396
2009 10  2 20  0 0.00000 0.32669
2009 10  2 21  0 0.00000 0.21898
2009 10  2 22  0 0.00000 0.09230
2009 10  2 23  0 0.00000 0.04832
2009 10  3  0  0 0.00000 0.01597
2009 10  3  1  0 0.00000 0.00012
2009 10  3  2  0 0.00000 0.00000
2009 10  3  3  0 0.00000 0.00000
2009 10  3  4  0 0.00000 0.00000
2009 10  3  5  0 0.00000 0.00000
2009 10  3  6  0 0.00000 0.00000
2009 10  3  7  0 0.00000 0.00000
2009 10  3  8  0 0.00000 0.00000
2009 10  3  9  0 0.00000 0.00000
2009 10  3 10  0 0.00000 0.00000
2009 10  3 11  0 0.00000 0.00000
2009 10  3 12  0 0.00000 0.01629
2009 10  3 13  0 0.00000 0.08548
2009 10  3 14  0 0.00000 0.16263
2009 10  3 15  0 0.00000 0.17840
2009 10  3 16  0 0.00000 0.17339
2009 10  3 17  0 0.00000 0.34090
2009 10  3 18  0 0.00000 0.26047
2009 10  3 19  0 3.26415 0.07969
2009 10  3 20  0 13.03774 0.02892
2009 10  3 21  0 4.88680 0.01468
2009 10  3 22  0 0.05660 0.01707
2009 10  3 23  0 0.00000 0.01251
2009 10  4  0  0 0.05660 0.00260
2009 10  4  1  0 0.00000 0.00004
2009 10  4  2  0 0.00000 0.00000
2009 10  4  3  0 0.00000 0.00000
2009 10  4  4  0 0.00000 0.00000
2009 10  4  5  0 0.00000 0.00000
2009 10  4  6  0 0.05660 0.00000
2009 10  4  7  0 0.00000 0.00000
2009 10  4  8  0 0.00000 0.00000
2009 10  4  9  0 0.00000 0.00000
2009 10  4 10  0 0.00000 0.00000
2009 10  4 11  0 0.00000 0.00001
2009 10  4 12  0 0.00000 0.00754
2009 10  4 13  0 0.00000 0.08939
2009 10  4 14  0 0.00000 0.24682
2009 10  4 15  0 0.00000 0.35378
2009 10  4 16  0 0.00000 0.46487
2009 10  4 17  0 0.05660 0.40809
2009 10  4 18  0 0.00000 0.14528
2009 10  4 19  0 0.00000 0.02680
2009 10  4 20  0 0.00000 0.02013
2009 10  4 21  0 0.00000 0.01456
2009 10  4 22  0 0.00000 0.01734
2009 10  4 23  0 0.00000 0.01371
2009 10  5  0  0 0.00000 0.00390
2009 10  5  1  0 0.00000 0.00004
2009 10  5  2  0 0.00000 0.00000
2009 10  5  3  0 0.00000 0.00000
2009 10  5  4  0 0.00000 0.00000
2009 10  5  5  0 0.00000 0.00000
2009 10  5  6  0 0.00000 0.00000
2009 10  5  7  0 0.00000 0.00000
2009 10  5  8  0 0.00000 0.00000
2009 10  5  9  0 0.00000 0.00000
2009 10  5 10  0 0.00000 0.00000
2009 10  5 11  0 0.00000 0.00001
2009 10  5 12  0 0.00000 0.01031
2009 10  5 13  0 0.00000 0.13672
2009 10  5 14  0 0.05660 0.29264
2009 10  5 15  0 0.00000 0.42646
2009 10  5 16  0 0.00000 0.51506
2009 10  5 17  0 0.00000 0.49566
2009 10  5 18  0 0.00000 0.42067
2009 10  5 19  0 0.00000 0.46336
2009 10  5 20  0 0.00000 0.41505
2009 10  5 21  0 0.00000 0.17345
2009 10  5 22  0 0.00000 0.04412
2009 10  5 23  0 0.00000 0.02901
2009 10  6  0  0 0.00000 0.01002
2009 10  6  1  0 0.00000 0.00012
2009 10  6  2  0 0.00000 0.00000
2009 10  6  3  0 0.00000 0.00000
2009 10  6  4  0 0.00000 0.00000
2009 10  6  5  0 0.00000 0.00000
2009 10  6  6  0 0.00000 0.00000
2009 10  6  7  0 0.00000 0.00000
2009 10  6  8  0 0.00000 0.00000
2009 10  6  9  0 0.00000 0.00000
2009 10  6 10  0 0.00000 0.00000
2009 10  6 11  0 0.00000 0.00000
2009 10  6 12  0 0.37736 0.00430
2009 10  6 13  0 0.00000 0.01786
2009 10  6 14  0 0.00000 0.02251
2009 10  6 15  0 0.00000 0.04841
2009 10  6 16  0 0.00000 0.20524
2009 10  6 17  0 0.00000 0.32305
2009 10  6 18  0 0.00000 0.34863
2009 10  6 19  0 0.00000 0.34590
2009 10  6 20  0 0.00000 0.27668
2009 10  6 21  0 0.00000 0.15859
2009 10  6 22  0 0.00000 0.07219
2009 10  6 23  0 0.00000 0.02802
2009 10  7  0  0 0.00000 0.00596
2009 10  7  1  0 0.00000 0.00006
2009 10  7  2  0 0.00000 0.00000
2009 10  7  3  0 0.00000 0.00000
2009 10  7  4  0 0.00000 0.00000
2009 10  7  5  0 0.00000 0.00000
2009 10  7  6  0 0.00000 0.00000
2009 10  7  7  0 0.81132 0.00000
2009 10  7  8  0 0.00000 0.00000
2009 10  7  9  0 0.05660 0.00000
2009 10  7 10  0 0.33962 0.00000
2009 10  7 11  0 0.15094 0.00000
2009 10  7 12  0 0.00000 0.00920
2009 10  7 13  0 0.09434 0.03599
2009 10  7 14  0 0.00000 0.06166
2009 10  7 15  0 0.00000 0.05248
2009 10  7 16  0 0.00000 0.07422
2009 10  7 17  0 0.00000 0.18112
2009 10  7 18  0 0.00000 0.30370
2009 10  7 19  0 0.05660 0.39059
2009 10  7 20  0 0.00000 0.27366
2009 10  7 21  0 0.00000 0.17547
2009 10  7 22  0 0.00000 0.12229
2009 10  7 23  0 0.00000 0.05303
2009 10  8  0  0 0.00000 0.01068
2009 10  8  1  0 0.00000 0.00010
2009 10  8  2  0 0.00000 0.00000
2009 10  8  3  0 0.00000 0.00000
2009 10  8  4  0 0.00000 0.00000
2009 10  8  5  0 0.00000 0.00000
2009 10  8  6  0 0.00000 0.00000
2009 10  8  7  0 0.00000 0.00000
2009 10  8  8  0 0.00000 0.00000
2009 10  8  9  0 0.00000 0.00000
2009 10  8 10  0 0.00000 0.00000
2009 10  8 11  0 0.00000 0.00000
2009 10  8 12  0 0.00000 0.00415
2009 10  8 13  0 0.05660 0.01794
2009 10  8 14  0 0.00000 0.05229
2009 10  8 15  0 0.00000 0.13678
2009 10  8 16  0 0.00000 0.34816
2009 10  8 17  0 0.00000 0.47192
2009 10  8 18  0 0.00000 0.37049
2009 10  8 19  0 0.00000 0.21849
2009 10  8 20  0 0.00000 0.15171
2009 10  8 21  0 0.00000 0.15341
2009 10  8 22  0 0.00000 0.10490
2009 10  8 23  0 0.00000 0.03589
2009 10  9  0  0 0.00000 0.00552
2009 10  9  1  0 0.00000 0.00006
2009 10  9  2  0 0.00000 0.00000
2009 10  9  3  0 0.00000 0.00000
2009 10  9  4  0 0.00000 0.00000
2009 10  9  5  0 0.00000 0.00000
2009 10  9  6  0 0.00000 0.00000
2009 10  9  7  0 0.00000 0.00000
2009 10  9  8  0 0.00000 0.00000
2009 10  9  9  0 0.00000 0.00000
2009 10  9 10  0 0.00000 0.00000
2009 10  9 11  0 0.00000 0.00000
2009 10  9 12  0 0.00000 0.00836
2009 10  9 13  0 0.00000 0.02465
2009 10  9 14  0 0.00000 0.08176
2009 10  9 15  0 0.00000 0.23729
2009 10  9 16  0 0.00000 0.32500
2009 10  9 17  0 0.00000 0.26222
2009 10  9 18  0 0.00000 0.25599
2009 10  9 19  0 0.00000 0.30610
2009 10  9 20  0 0.00000 0.19314
2009 10  9 21  0 0.00000 0.11476
2009 10  9 22  0 0.00000 0.10933
2009 10  9 23  0 0.00000 0.05374
2009 10 10  0  0 0.00000 0.00843
2009 10 10  1  0 0.00000 0.00006
2009 10 10  2  0 0.00000 0.00000
2009 10 10  3  0 0.00000 0.00000
2009 10 10  4  0 0.00000 0.00000
2009 10 10  5  0 0.00000 0.00000
2009 10 10  6  0 0.00000 0.00000
2009 10 10  7  0 0.00000 0.00000
2009 10 10  8  0 0.00000 0.00000
2009 10 10  9  0 0.00000 0.00000
2009 10 10 10  0 0.05660 0.00000
2009 10 10 11  0 0.00000 0.00000
2009 10 10 12  0 0.00000 0.00439
2009 10 10 13  0 0.00000 0.06930
2009 10 10 14  0 0.00000 0.20214
2009 10 10 15  0 0.00000 0.35958
2009 10 10 16  0 0.00000 0.50718
2009 10 10 17  0 0.05660 0.42258
2009 10 10 18  0 0.00000 0.21408
2009 10 10 19  0 0.00000 0.20098
2009 10 10 20  0 0.00000 0.27829
2009 10 10 21  0 0.00000 0.21648
2009 10 10 22  0 0.00000 0.15388
2009 10 10 23  0 0.00000 0.06596
2009 10 11  0  0 0.00000 0.00658
2009 10 11  1  0 0.00000 0.00006
2009 10 11  2  0 0.00000 0.00000
2009 10 11  3  0 0.00000 0.00000
2009 10 11  4  0 0.00000 0.00000
2009 10 11  5  0 0.00000 0.00000
2009 10 11  6  0 0.05660 0.00000
2009 10 11  7  0 0.00000 0.00000
2009 10 11  8  0 0.00000 0.00000
2009 10 11  9  0 0.00000 0.00000
2009 10 11 10  0 0.00000 0.00000
2009 10 11 11  0 0.00000 0.00001
2009 10 11 12  0 0.00000 0.01694
2009 10 11 13  0 0.00000 0.09462
2009 10 11 14  0 0.00000 0.24941
2009 10 11 15  0 0.00000 0.33779
2009 10 11 16  0 0.00000 0.41128
2009 10 11 17  0 0.00000 0.46204
2009 10 11 18  0 0.00000 0.50371
2009 10 11 19  0 0.00000 0.51892
2009 10 11 20  0 0.00000 0.40344
2009 10 11 21  0 0.05660 0.28448
2009 10 11 22  0 0.00000 0.17149
2009 10 11 23  0 0.00000 0.06081
2009 10 12  0  0 0.00000 0.00910
2009 10 12  1  0 0.00000 0.00006
2009 10 12  2  0 0.00000 0.00000
2009 10 12  3  0 0.00000 0.00000
2009 10 12  4  0 0.00000 0.00000
2009 10 12  5  0 0.00000 0.00000
2009 10 12  6  0 0.00000 0.00000
2009 10 12  7  0 0.00000 0.00000
2009 10 12  8  0 0.00000 0.00000
2009 10 12  9  0 0.00000 0.00000
2009 10 12 10  0 0.00000 0.00000
2009 10 12 11  0 0.00000 0.00000
2009 10 12 12  0 0.00000 0.01275
2009 10 12 13  0 0.00000 0.04874
2009 10 12 14  0 0.00000 0.10141
2009 10 12 15  0 0.00000 0.23930
2009 10 12 16  0 0.00000 0.24397
2009 10 12 17  0 0.00000 0.31188
2009 10 12 18  0 0.20754 0.27082
2009 10 12 19  0 2.39623 0.11127
2009 10 12 20  0 1.96227 0.02186
2009 10 12 21  0 0.05660 0.00319
2009 10 12 22  0 0.00000 0.00616
2009 10 12 23  0 0.00000 0.00637
2009 10 13  0  0 0.00000 0.00208
2009 10 13  1  0 0.00000 0.00002
2009 10 13  2  0 0.00000 0.00000
2009 10 13  3  0 0.96226 0.00000
2009 10 13  4  0 0.00000 0.00000
2009 10 13  5  0 0.00000 0.00000
2009 10 13  6  0 0.00000 0.00000
2009 10 13  7  0 0.00000 0.00000
2009 10 13  8  0 0.00000 0.00000
2009 10 13  9  0 0.05660 0.00000
2009 10 13 10  0 0.00000 0.00000
2009 10 13 11  0 0.00000 0.00002
2009 10 13 12  0 0.00000 0.00509
2009 10 13 13  0 0.00000 0.04806
2009 10 13 14  0 0.00000 0.15444
2009 10 13 15  0 0.00000 0.20148
2009 10 13 16  0 0.00000 0.23161
2009 10 13 17  0 0.00000 0.30429
2009 10 13 18  0 0.00000 0.32967
2009 10 13 19  0 0.00000 0.31997
2009 10 13 20  0 0.00000 0.27864
2009 10 13 21  0 0.00000 0.19260
2009 10 13 22  0 0.28302 0.09727
2009 10 13 23  0 0.05660 0.03500
2009 10 14  0  0 0.09434 0.00688
2009 10 14  1  0 0.26414 0.00001
2009 10 14  2  0 0.05660 0.00000
2009 10 14  3  0 0.00000 0.00000
2009 10 14  4  0 0.00000 0.00000
2009 10 14  5  0 0.00000 0.00000
2009 10 14  6  0 0.05660 0.00000
2009 10 14  7  0 0.00000 0.00000
2009 10 14  8  0 0.00000 0.00000
2009 10 14  9  0 0.00000 0.00000
2009 10 14 10  0 0.00000 0.00000
2009 10 14 11  0 0.00000 0.00002
2009 10 14 12  0 0.00000 0.02417
2009 10 14 13  0 0.00000 0.08240
2009 10 14 14  0 0.00000 0.18942
2009 10 14 15  0 0.00000 0.28792
2009 10 14 16  0 0.00000 0.32726
2009 10 14 17  0 0.00000 0.40188
2009 10 14 18  0 0.05660 0.28112
2009 10 14 19  0 3.20755 0.10937
2009 10 14 20  0 0.00000 0.05836
2009 10 14 21  0 0.05660 0.02391
2009 10 14 22  0 0.00000 0.00582
2009 10 14 23  0 0.00000 0.00500
2009 10 15  0  0 0.00000 0.00168
2009 10 15  1  0 0.00000 0.00002
2009 10 15  2  0 0.45282 0.00000
2009 10 15  3  0 0.58490 0.00000
2009 10 15  4  0 0.35848 0.00000
2009 10 15  5  0 0.11320 0.00000
2009 10 15  6  0 0.05660 0.00000
2009 10 15  7  0 0.00000 0.00000
2009 10 15  8  0 0.00000 0.00000
2009 10 15  9  0 0.00000 0.00000
2009 10 15 10  0 0.00000 0.00000
2009 10 15 11  0 0.00000 0.00002
2009 10 15 12  0 0.00000 0.02279
2009 10 15 13  0 0.00000 0.11662
2009 10 15 14  0 0.00000 0.21472
2009 10 15 15  0 0.00000 0.25667
2009 10 15 16  0 0.00000 0.29607
2009 10 15 17  0 1.58490 0.44805
2009 10 15 18  0 3.05660 0.32858
2009 10 15 19  0 0.00000 0.18954
2009 10 15 20  0 1.05660 0.28744
2009 10 15 21  0 0.00000 0.17068
2009 10 15 22  0 0.00000 0.03817
2009 10 15 23  0 0.00000 0.01699
2009 10 16  0  0 0.00000 0.00479
2009 10 16  1  0 0.00000 0.00006
2009 10 16  2  0 0.00000 0.00000
2009 10 16  3  0 0.00000 0.00000
2009 10 16  4  0 0.00000 0.00000
2009 10 16  5  0 0.00000 0.00000
2009 10 16  6  0 0.00000 0.00000
2009 10 16  7  0 0.00000 0.00000
2009 10 16  8  0 0.00000 0.00000
2009 10 16  9  0 0.00000 0.00000
2009 10 16 10  0 0.00000 0.00000
2009 10 16 11  0 0.00000 0.00003
2009 10 16 12  0 0.00000 0.02372
2009 10 16 13  0 0.00000 0.10425
2009 10 16 14  0 0.00000 0.25700
2009 10 16 15  0 0.00000 0.37786
2009 10 16 16  0 0.00000 0.34644
2009 10 16 17  0 0.00000 0.30784
2009 10 16 18  0 0.09434 0.24740
2009 10 16 19  0 0.39622 0.10581
2009 10 16 20  0 0.11320 0.05084
2009 10 16 21  0 0.05660 0.05783
2009 10 16 22  0 0.00000 0.05967
2009 10 16 23  0 0.00000 0.03293
2009 10 17  0  0 0.00000 0.00627
2009 10 17  1  0 0.00000 0.00001
2009 10 17  2  0 0.00000 0.00000
2009 10 17  3  0 0.00000 0.00000
2009 10 17  4  0 0.00000 0.00000
2009 10 17  5  0 0.00000 0.00000
2009 10 17  6  0 0.20754 0.00000
2009 10 17  7  0 0.00000 0.00000
2009 10 17  8  0 0.00000 0.00000
2009 10 17  9  0 0.20754 0.00000
2009 10 17 10  0 0.00000 0.00000
2009 10 17 11  0 0.00000 0.00000
2009 10 17 12  0 0.00000 0.00675
2009 10 17 13  0 0.00000 0.03234
2009 10 17 14  0 0.00000 0.06282
2009 10 17 15  0 0.00000 0.23240
2009 10 17 16  0 0.00000 0.31964
2009 10 17 17  0 0.30188 0.22193
2009 10 17 18  0 0.18868 0.11544
2009 10 17 19  0 0.00000 0.11706
2009 10 17 20  0 0.39622 0.07676
2009 10 17 21  0 3.13207 0.04250
2009 10 17 22  0 0.86792 0.02916
2009 10 17 23  0 0.00000 0.01274
2009 10 18  0  0 0.05660 0.00303
2009 10 18  1  0 0.33962 0.00002
2009 10 18  2  0 0.15094 0.00000
2009 10 18  3  0 0.00000 0.00000
2009 10 18  4  0 0.00000 0.00000
2009 10 18  5  0 0.00000 0.00000
2009 10 18  6  0 0.00000 0.00000
2009 10 18  7  0 0.00000 0.00000
2009 10 18  8  0 0.05660 0.00000
2009 10 18  9  0 0.00000 0.00000
2009 10 18 10  0 0.00000 0.00000
2009 10 18 11  0 0.00000 0.00000
2009 10 18 12  0 0.00000 0.00893
2009 10 18 13  0 0.00000 0.08001
2009 10 18 14  0 0.00000 0.22829
2009 10 18 15  0 0.00000 0.29014
2009 10 18 16  0 0.00000 0.23992
2009 10 18 17  0 0.00000 0.31800
2009 10 18 18  0 0.00000 0.35960
2009 10 18 19  0 0.00000 0.26389
2009 10 18 20  0 0.45282 0.12140
2009 10 18 21  0 0.32074 0.03536
2009 10 18 22  0 0.11320 0.01752
2009 10 18 23  0 0.05660 0.01008
2009 10 19  0  0 0.00000 0.00210
2009 10 19  1  0 0.00000 0.00001
2009 10 19  2  0 0.00000 0.00000
2009 10 19  3  0 0.00000 0.00000
2009 10 19  4  0 0.00000 0.00000
2009 10 19  5  0 0.00000 0.00000
2009 10 19  6  0 0.00000 0.00000
2009 10 19  7  0 0.00000 0.00000
2009 10 19  8  0 0.00000 0.00000
2009 10 19  9  0 0.00000 0.00000
2009 10 19 10  0 0.00000 0.00000
2009 10 19 11  0 0.00000 0.00000
2009 10 19 12  0 0.00000 0.00940
2009 10 19 13  0 0.00000 0.03842
2009 10 19 14  0 0.00000 0.11668
2009 10 19 15  0 0.00000 0.23334
2009 10 19 16  0 0.00000 0.35310
2009 10 19 17  0 0.00000 0.35049
2009 10 19 18  0 0.00000 0.36633
2009 10 19 19  0 0.00000 0.33329
2009 10 19 20  0 4.28302 0.23113
2009 10 19 21  0 0.52830 0.09033
2009 10 19 22  0 0.00000 0.01914
2009 10 19 23  0 0.00000 0.00742
2009 10 20  0  0 0.00000 0.00160
2009 10 20  1  0 0.00000 0.00000
2009 10 20  2  0 0.00000 0.00000
2009 10 20  3  0 0.00000 0.00000
2009 10 20  4  0 0.00000 0.00000
2009 10 20  5  0 0.00000 0.00000
2009 10 20  6  0 0.00000 0.00000
2009 10 20  7  0 0.00000 0.00000
2009 10 20  8  0 0.00000 0.00000
2009 10 20  9  0 0.00000 0.00000
2009 10 20 10  0 0.00000 0.00000
2009 10 20 11  0 0.05660 0.00000
2009 10 20 12  0 0.00000 0.00515
2009 10 20 13  0 0.00000 0.07058
2009 10 20 14  0 0.00000 0.11200
2009 10 20 15  0 0.00000 0.19044
2009 10 20 16  0 0.00000 0.26538
2009 10 20 17  0 0.00000 0.30317
2009 10 20 18  0 0.37736 0.32111
2009 10 20 19  0 1.86792 0.18862
2009 10 20 20  0 0.11320 0.05626
2009 10 20 21  0 0.00000 0.04193
2009 10 20 22  0 0.00000 0.05100
2009 10 20 23  0 0.00000 0.03034
2009 10 21  0  0 0.00000 0.00685
2009 10 21  1  0 0.00000 0.00002
2009 10 21  2  0 0.00000 0.00000
2009 10 21  3  0 0.00000 0.00000
2009 10 21  4  0 0.00000 0.00000
2009 10 21  5  0 0.00000 0.00000
2009 10 21  6  0 0.00000 0.00000
2009 10 21  7  0 0.00000 0.00000
2009 10 21  8  0 0.00000 0.00000
2009 10 21  9  0 0.00000 0.00000
2009 10 21 10  0 0.00000 0.00000
2009 10 21 11  0 0.00000 0.00001
2009 10 21 12  0 0.00000 0.00828
2009 10 21 13  0 0.00000 0.11699
2009 10 21 14  0 0.00000 0.19047
2009 10 21 15  0 0.00000 0.32100
2009 10 21 16  0 0.00000 0.48714
2009 10 21 17  0 0.00000 0.47668
2009 10 21 18  0 0.00000 0.46265
2009 10 21 19  0 0.00000 0.51760
2009 10 21 20  0 0.00000 0.44151
2009 10 21 21  0 0.00000 0.29940
2009 10 21 22  0 0.00000 0.14895
2009 10 21 23  0 0.00000 0.04592
2009 10 22  0  0 0.00000 0.00782
2009 10 22  1  0 0.00000 0.00006
2009 10 22  2  0 0.00000 0.00000
2009 10 22  3  0 0.00000 0.00000
2009 10 22  4  0 0.00000 0.00000
2009 10 22  5  0 0.00000 0.00000
2009 10 22  6  0 0.00000 0.00000
2009 10 22  7  0 0.00000 0.00000
2009 10 22  8  0 0.00000 0.00000
2009 10 22  9  0 0.00000 0.00000
2009 10 22 10  0 0.00000 0.00000
2009 10 22 11  0 0.00000 0.00001
2009 10 22 12  0 0.00000 0.01014
2009 10 22 13  0 0.00000 0.10756
2009 10 22 14  0 0.00000 0.23666
2009 10 22 15  0 0.00000 0.39262
2009 10 22 16  0 0.00000 0.49633
2009 10 22 17  0 0.00000 0.49937
2009 10 22 18  0 0.00000 0.54078
2009 10 22 19  0 0.00000 0.54544
2009 10 22 20  0 0.00000 0.47668
2009 10 22 21  0 0.09434 0.29740
2009 10 22 22  0 0.00000 0.08746
2009 10 22 23  0 0.00000 0.00704
2009 10 23  0  0 0.00000 0.00092
2009 10 23  1  0 0.00000 0.00000
2009 10 23  2  0 0.00000 0.00000
2009 10 23  3  0 0.00000 0.00000
2009 10 23  4  0 0.00000 0.00000
2009 10 23  5  0 0.00000 0.00000
2009 10 23  6  0 0.00000 0.00000
2009 10 23  7  0 0.00000 0.00000
2009 10 23  8  0 0.05660 0.00000
2009 10 23  9  0 0.00000 0.00000
2009 10 23 10  0 0.00000 0.00000
2009 10 23 11  0 0.00000 0.00003
2009 10 23 12  0 0.00000 0.02279
2009 10 23 13  0 0.00000 0.10869
2009 10 23 14  0 0.00000 0.18849
2009 10 23 15  0 0.00000 0.24042
2009 10 23 16  0 0.00000 0.33718
2009 10 23 17  0 0.00000 0.51810
2009 10 23 18  0 0.00000 0.46322
2009 10 23 19  0 0.00000 0.36012
2009 10 23 20  0 0.09434 0.29103
2009 10 23 21  0 0.00000 0.11265
2009 10 23 22  0 0.05660 0.02466
2009 10 23 23  0 0.43396 0.01440
2009 10 24  0  0 0.05660 0.00324
2009 10 24  1  0 0.00000 0.00000
2009 10 24  2  0 0.05660 0.00000
2009 10 24  3  0 0.05660 0.00000
2009 10 24  4  0 0.00000 0.00000
2009 10 24  5  0 0.05660 0.00000
2009 10 24  6  0 0.05660 0.00000
2009 10 24  7  0 0.00000 0.00000
2009 10 24  8  0 0.00000 0.00000
2009 10 24  9  0 0.00000 0.00000
2009 10 24 10  0 0.00000 0.00000
2009 10 24 11  0 0.00000 0.00000
2009 10 24 12  0 0.05660 0.00646
2009 10 24 13  0 0.00000 0.05302
2009 10 24 14  0 0.00000 0.14974
2009 10 24 15  0 0.00000 0.26724
2009 10 24 16  0 0.00000 0.30172
2009 10 24 17  0 0.00000 0.31147
2009 10 24 18  0 0.00000 0.23348
2009 10 24 19  0 0.00000 0.19687
2009 10 24 20  0 0.00000 0.19301
2009 10 24 21  0 0.00000 0.14636
2009 10 24 22  0 0.00000 0.09200
2009 10 24 23  0 0.00000 0.03888
2009 10 25  0  0 0.00000 0.00692
2009 10 25  1  0 0.00000 0.00005
2009 10 25  2  0 0.00000 0.00000
2009 10 25  3  0 0.00000 0.00000
2009 10 25  4  0 0.00000 0.00000
2009 10 25  5  0 0.00000 0.00000
2009 10 25  6  0 0.00000 0.00000
2009 10 25  7  0 0.00000 0.00000
2009 10 25  8  0 0.00000 0.00000
2009 10 25  9  0 0.00000 0.00000
2009 10 25 10  0 0.00000 0.00000
2009 10 25 11  0 0.00000 0.00002
2009 10 25 12  0 0.00000 0.00737
2009 10 25 13  0 0.00000 0.06195
2009 10 25 14  0 0.00000 0.19354
2009 10 25 15  0 0.00000 0.31840
2009 10 25 16  0 0.00000 0.32947
2009 10 25 17  0 0.00000 0.30573
2009 10 25 18  0 0.00000 0.35208
2009 10 25 19  0 0.00000 0.34665
2009 10 25 20  0 0.00000 0.43345
2009 10 25 21  0 0.00000 0.31254
2009 10 25 22  0 0.00000 0.19577
2009 10 25 23  0 0.00000 0.08298
2009 10 26  0  0 0.00000 0.00654
2009 10 26  1  0 0.00000 0.00006
2009 10 26  2  0 0.00000 0.00000
2009 10 26  3  0 0.00000 0.00000
2009 10 26  4  0 0.00000 0.00000
2009 10 26  5  0 0.00000 0.00000
2009 10 26  6  0 0.00000 0.00000
2009 10 26  7  0 0.00000 0.00000
2009 10 26  8  0 0.00000 0.00000
2009 10 26  9  0 0.00000 0.00000
2009 10 26 10  0 0.00000 0.00000
2009 10 26 11  0 0.00000 0.00003
2009 10 26 12  0 0.00000 0.02379
2009 10 26 13  0 0.00000 0.10411
2009 10 26 14  0 0.00000 0.24859
2009 10 26 15  0 0.00000 0.26022
2009 10 26 16  0 0.05660 0.21724
2009 10 26 17  0 0.33962 0.28112
2009 10 26 18  0 0.00000 0.46044
2009 10 26 19  0 0.00000 0.46268
2009 10 26 20  0 0.00000 0.31376
2009 10 26 21  0 0.00000 0.24392
2009 10 26 22  0 0.20754 0.14950
2009 10 26 23  0 0.00000 0.05468
2009 10 27  0  0 0.00000 0.01134
2009 10 27  1  0 0.00000 0.00011
2009 10 27  2  0 0.00000 0.00000
2009 10 27  3  0 0.00000 0.00000
2009 10 27  4  0 0.00000 0.00000
2009 10 27  5  0 0.00000 0.00000
2009 10 27  6  0 0.00000 0.00000
2009 10 27  7  0 0.00000 0.00000
2009 10 27  8  0 0.00000 0.00000
2009 10 27  9  0 0.00000 0.00000
2009 10 27 10  0 0.00000 0.00000
2009 10 27 11  0 0.67924 0.00000
2009 10 27 12  0 0.00000 0.00717
2009 10 27 13  0 0.00000 0.02918
2009 10 27 14  0 0.00000 0.08501
2009 10 27 15  0 0.00000 0.17189
2009 10 27 16  0 0.05660 0.16100
2009 10 27 17  0 0.00000 0.10990
2009 10 27 18  0 0.00000 0.16988
2009 10 27 19  0 0.00000 0.25931
2009 10 27 20  0 0.00000 0.17897
2009 10 27 21  0 0.00000 0.08798
2009 10 27 22  0 0.00000 0.04645
2009 10 27 23  0 0.00000 0.01738
2009 10 28  0  0 0.00000 0.00344
2009 10 28  1  0 0.00000 0.00000
2009 10 28  2  0 0.11320 0.00000
2009 10 28  3  0 0.00000 0.00000
2009 10 28  4  0 0.00000 0.00000
2009 10 28  5  0 0.00000 0.00000
2009 10 28  6  0 0.00000 0.00000
2009 10 28  7  0 0.00000 0.00000
2009 10 28  8  0 0.00000 0.00000
2009 10 28  9  0 0.00000 0.00000
2009 10 28 10  0 0.00000 0.00000
2009 10 28 11  0 0.00000 0.00000
2009 10 28 12  0 0.00000 0.01185
2009 10 28 13  0 0.00000 0.05406
2009 10 28 14  0 0.05660 0.11998
2009 10 28 15  0 0.00000 0.13767
2009 10 28 16  0 1.50943 0.20192
2009 10 28 17  0 0.90566 0.14433
2009 10 28 18  0 0.00000 0.07042
2009 10 28 19  0 0.26414 0.07013
2009 10 28 20  0 0.00000 0.06715
2009 10 28 21  0 0.00000 0.04170
2009 10 28 22  0 0.00000 0.03201
2009 10 28 23  0 0.00000 0.01761
2009 10 29  0  0 0.00000 0.00302
2009 10 29  1  0 0.00000 0.00001
2009 10 29  2  0 0.00000 0.00000
2009 10 29  3  0 0.00000 0.00000
2009 10 29  4  0 0.00000 0.00000
2009 10 29  5  0 0.00000 0.00000
2009 10 29  6  0 0.00000 0.00000
2009 10 29  7  0 0.00000 0.00000
2009 10 29  8  0 0.00000 0.00000
2009 10 29  9  0 0.05660 0.00000
2009 10 29 10  0 0.00000 0.00000
2009 10 29 11  0 0.00000 0.00002
2009 10 29 12  0 0.00000 0.01064
2009 10 29 13  0 0.00000 0.08488
2009 10 29 14  0 0.00000 0.16806
2009 10 29 15  0 0.00000 0.31935
2009 10 29 16  0 0.00000 0.44735
2009 10 29 17  0 0.15094 0.43632
2009 10 29 18  0 0.00000 0.25052
2009 10 29 19  0 0.05660 0.17519
2009 10 29 20  0 9.81132 0.10737
2009 10 29 21  0 1.96226 0.02464
2009 10 29 22  0 0.60376 0.00469
2009 10 29 23  0 0.00000 0.00603
2009 10 30  0  0 0.00000 0.00246
2009 10 30  1  0 0.00000 0.00000
2009 10 30  2  0 0.00000 0.00000
2009 10 30  3  0 0.05660 0.00000
2009 10 30  4  0 0.11320 0.00000
2009 10 30  5  0 0.00000 0.00000
2009 10 30  6  0 0.00000 0.00000
2009 10 30  7  0 0.00000 0.00000
2009 10 30  8  0 0.00000 0.00000
2009 10 30  9  0 0.00000 0.00000
2009 10 30 10  0 0.00000 0.00000
2009 10 30 11  0 0.00000 0.00000
2009 10 30 12  0 0.00000 0.00890
2009 10 30 13  0 0.00000 0.10121
2009 10 30 14  0 0.00000 0.22590
2009 10 30 15  0 0.00000 0.29878
2009 10 30 16  0 0.00000 0.31194
2009 10 30 17  0 0.00000 0.34281
2009 10 30 18  0 0.00000 0.45331
2009 10 30 19  0 0.00000 0.50493
2009 10 30 20  0 0.00000 0.44730
2009 10 30 21  0 0.00000 0.30236
2009 10 30 22  0 0.00000 0.19988
2009 10 30 23  0 0.00000 0.09060
2009 10 31  0  0 0.00000 0.01433
2009 10 31  1  0 0.00000 0.00006
2009 10 31  2  0 0.00000 0.00000
2009 10 31  3  0 0.00000 0.00000
2009 10 31  4  0 0.00000 0.00000
2009 10 31  5  0 0.00000 0.00000
2009 10 31  6  0 0.00000 0.00000
2009 10 31  7  0 0.00000 0.00000
2009 10 31  8  0 0.00000 0.00000
2009 10 31  9  0 0.00000 0.00000
2009 10 31 10  0 0.00000 0.00000
2009 10 31 11  0 0.05660 0.00002
2009 10 31 12  0 0.00000 0.01345
2009 10 31 13  0 0.00000 0.06568
2009 10 31 14  0 0.00000 0.16287
2009 10 31 15  0 0.00000 0.13220
2009 10 31 16  0 0.00000 0.13502
2009 10 31 17  0 0.00000 0.24648
2009 10 31 18  0 0.00000 0.22760
2009 10 31 19  0 0.00000 0.14931
2009 10 31 20  0 0.00000 0.15869
2009 10 31 21  0 0.00000 0.21128
2009 10 31 22  0 0.00000 0.15382
2009 10 31 23  0 0.00000 0.05596
2009 11  1  0  0 0.00000 0.00948
2009 11  1  1  0 0.00000 0.00002
2009 11  1  2  0 0.00000 0.00000
2009 11  1  3  0 0.00000 0.00000
2009 11  1  4  0 0.00000 0.00000
2009 11  1  5  0 0.00000 0.00000
2009 11  1  6  0 0.00000 0.00000
2009 11  1  7  0 0.00000 0.00000
2009 11  1  8  0 0.00000 0.00000
2009 11  1  9  0 0.00000 0.00000
2009 11  1 10  0 0.00000 0.00000
2009 11  1 11  0 0.00000 0.00002
2009 11  1 12  0 0.00000 0.01351
2009 11  1 13  0 0.05660 0.08895
2009 11  1 14  0 0.00000 0.09591
2009 11  1 15  0 0.00000 0.10094
2009 11  1 16  0 0.00000 0.24570
2009 11  1 17  0 0.00000 0.27259
2009 11  1 18  0 0.00000 0.32088
2009 11  1 19  0 0.00000 0.42714
2009 11  1 20  0 0.00000 0.27674
2009 11  1 21  0 0.00000 0.13508
2009 11  1 22  0 0.09434 0.05946
2009 11  1 23  0 0.15094 0.01150
2009 11  2  0  0 0.77358 0.00127
2009 11  2  1  0 0.71698 0.00000
2009 11  2  2  0 0.15094 0.00000
2009 11  2  3  0 0.05660 0.00000
2009 11  2  4  0 0.00000 0.00000
2009 11  2  5  0 0.00000 0.00000
2009 11  2  6  0 0.00000 0.00000
2009 11  2  7  0 0.00000 0.00000
2009 11  2  8  0 0.00000 0.00000
2009 11  2  9  0 0.00000 0.00000
2009 11  2 10  0 0.00000 0.00000
2009 11  2 11  0 0.00000 0.00002
2009 11  2 12  0 0.00000 0.01922
2009 11  2 13  0 0.00000 0.07489
2009 11  2 14  0 0.00000 0.22587
2009 11  2 15  0 0.00000 0.38878
2009 11  2 16  0 0.00000 0.41275
2009 11  2 17  0 0.00000 0.45442
2009 11  2 18  0 0.00000 0.32322
2009 11  2 19  0 0.00000 0.15329
2009 11  2 20  0 0.15094 0.10176
2009 11  2 21  0 0.00000 0.10448
2009 11  2 22  0 1.09434 0.06813
2009 11  2 23  0 1.56604 0.01772
2009 11  3  0  0 1.54716 0.00090
2009 11  3  1  0 0.05660 0.00000
2009 11  3  2  0 0.00000 0.00000
2009 11  3  3  0 0.00000 0.00000
2009 11  3  4  0 0.05660 0.00000
2009 11  3  5  0 0.16980 0.00000
2009 11  3  6  0 0.39622 0.00000
2009 11  3  7  0 0.22640 0.00000
2009 11  3  8  0 0.16980 0.00000
2009 11  3  9  0 0.11320 0.00000
2009 11  3 10  0 0.00000 0.00000
2009 11  3 11  0 0.00000 0.00000
2009 11  3 12  0 0.00000 0.00990
2009 11  3 13  0 0.00000 0.04064
2009 11  3 14  0 0.00000 0.09213
2009 11  3 15  0 0.05660 0.16087
2009 11  3 16  0 0.00000 0.21868
2009 11  3 17  0 2.50943 0.19442
2009 11  3 18  0 0.39622 0.09306
2009 11  3 19  0 0.05660 0.06113
2009 11  3 20  0 0.11320 0.07036
2009 11  3 21  0 2.16981 0.05264
2009 11  3 22  0 0.15094 0.02017
2009 11  3 23  0 0.00000 0.00748
2009 11  4  0  0 0.00000 0.00285
2009 11  4  1  0 0.00000 0.00000
2009 11  4  2  0 0.00000 0.00000
2009 11  4  3  0 0.00000 0.00000
2009 11  4  4  0 0.00000 0.00000
2009 11  4  5  0 0.00000 0.00000
2009 11  4  6  0 0.00000 0.00000
2009 11  4  7  0 0.00000 0.00000
2009 11  4  8  0 0.00000 0.00000
2009 11  4  9  0 0.00000 0.00000
2009 11  4 10  0 0.05660 0.00000
2009 11  4 11  0 0.00000 0.00000
2009 11  4 12  0 0.00000 0.00908
2009 11  4 13  0 0.00000 0.04496
2009 11  4 14  0 0.00000 0.10794
2009 11  4 15  0 0.00000 0.12490
2009 11  4 16  0 0.00000 0.13720
2009 11  4 17  0 0.00000 0.21248
2009 11  4 18  0 0.00000 0.31694
2009 11  4 19  0 0.00000 0.40498
2009 11  4 20  0 0.05660 0.23468
2009 11  4 21  0 0.00000 0.13190
2009 11  4 22  0 0.05660 0.08394
2009 11  4 23  0 0.00000 0.02494
2009 11  5  0  0 0.00000 0.00394
2009 11  5  1  0 0.00000 0.00000
2009 11  5  2  0 0.00000 0.00000
2009 11  5  3  0 0.00000 0.00000
2009 11  5  4  0 0.00000 0.00000
2009 11  5  5  0 0.00000 0.00000
2009 11  5  6  0 0.00000 0.00000
2009 11  5  7  0 0.00000 0.00000
2009 11  5  8  0 0.00000 0.00000
2009 11  5  9  0 0.00000 0.00000
2009 11  5 10  0 0.00000 0.00000
2009 11  5 11  0 0.05660 0.00001
2009 11  5 12  0 0.00000 0.01926
2009 11  5 13  0 0.00000 0.06974
2009 11  5 14  0 0.00000 0.16492
2009 11  5 15  0 0.00000 0.19824
2009 11  5 16  0 0.00000 0.31676
2009 11  5 17  0 0.00000 0.36336
2009 11  5 18  0 0.00000 0.43416
2009 11  5 19  0 0.00000 0.45466
2009 11  5 20  0 0.00000 0.20779
2009 11  5 21  0 6.79246 0.06886
2009 11  5 22  0 0.15094 0.02761
2009 11  5 23  0 0.09434 0.00388
2009 11  6  0  0 0.00000 0.00150
2009 11  6  1  0 0.00000 0.00000
2009 11  6  2  0 0.00000 0.00000
2009 11  6  3  0 0.00000 0.00000
2009 11  6  4  0 0.05660 0.00000
2009 11  6  5  0 0.00000 0.00000
2009 11  6  6  0 0.00000 0.00000
2009 11  6  7  0 0.00000 0.00000
2009 11  6  8  0 0.00000 0.00000
2009 11  6  9  0 0.00000 0.00000
2009 11  6 10  0 0.00000 0.00000
2009 11  6 11  0 0.00000 0.00000
2009 11  6 12  0 0.00000 0.00298
2009 11  6 13  0 0.00000 0.03566
2009 11  6 14  0 0.00000 0.08458
2009 11  6 15  0 0.00000 0.11590
2009 11  6 16  0 0.00000 0.16314
2009 11  6 17  0 0.00000 0.26864
2009 11  6 18  0 0.00000 0.25060
2009 11  6 19  0 0.00000 0.13676
2009 11  6 20  0 0.00000 0.06911
2009 11  6 21  0 0.00000 0.05325
2009 11  6 22  0 0.00000 0.03776
2009 11  6 23  0 0.00000 0.01898
2009 11  7  0  0 0.00000 0.00487
2009 11  7  1  0 0.00000 0.00000
2009 11  7  2  0 0.00000 0.00000
2009 11  7  3  0 0.00000 0.00000
2009 11  7  4  0 0.00000 0.00000
2009 11  7  5  0 0.00000 0.00000
2009 11  7  6  0 0.00000 0.00000
2009 11  7  7  0 0.00000 0.00000
2009 11  7  8  0 0.00000 0.00000
2009 11  7  9  0 0.00000 0.00000
2009 11  7 10  0 0.00000 0.00000
2009 11  7 11  0 0.00000 0.00002
2009 11  7 12  0 0.00000 0.01281
2009 11  7 13  0 0.00000 0.08919
2009 11  7 14  0 0.00000 0.25330
2009 11  7 15  0 0.00000 0.39194
2009 11  7 16  0 0.00000 0.45372
2009 11  7 17  0 0.00000 0.29429
2009 11  7 18  0 0.00000 0.09510
2009 11  7 19  0 0.00000 0.07377
2009 11  7 20  0 0.00000 0.16321
2009 11  7 21  0 0.00000 0.27476
2009 11  7 22  0 0.00000 0.16791
2009 11  7 23  0 0.00000 0.03229
2009 11  8  0  0 0.00000 0.00178
2009 11  8  1  0 0.00000 0.00001
2009 11  8  2  0 0.00000 0.00000
2009 11  8  3  0 0.09434 0.00000
2009 11  8  4  0 0.00000 0.00000
2009 11  8  5  0 1.92453 0.00000
2009 11  8  6  0 0.47170 0.00000
2009 11  8  7  0 0.00000 0.00000
2009 11  8  8  0 0.00000 0.00000
2009 11  8  9  0 0.00000 0.00000
2009 11  8 10  0 0.00000 0.00000
2009 11  8 11  0 0.00000 0.00000
2009 11  8 12  0 0.00000 0.00645
2009 11  8 13  0 0.05660 0.02722
2009 11  8 14  0 0.00000 0.05203
2009 11  8 15  0 0.00000 0.17539
2009 11  8 16  0 0.00000 0.32582
2009 11  8 17  0 1.24528 0.30522
2009 11  8 18  0 5.37736 0.11266
2009 11  8 19  0 1.54716 0.02127
2009 11  8 20  0 0.09434 0.05125
2009 11  8 21  0 0.35848 0.09502
2009 11  8 22  0 0.49056 0.07718
2009 11  8 23  0 0.16980 0.02517
2009 11  9  0  0 1.15094 0.00220
2009 11  9  1  0 0.77358 0.00000
2009 11  9  2  0 0.00000 0.00000
2009 11  9  3  0 0.00000 0.00000
2009 11  9  4  0 0.00000 0.00000
2009 11  9  5  0 0.00000 0.00000
2009 11  9  6  0 0.00000 0.00000
2009 11  9  7  0 0.00000 0.00000
2009 11  9  8  0 0.00000 0.00000
2009 11  9  9  0 0.00000 0.00000
2009 11  9 10  0 0.00000 0.00000
2009 11  9 11  0 0.00000 0.00000
2009 11  9 12  0 0.00000 0.01124
2009 11  9 13  0 0.00000 0.07382
2009 11  9 14  0 0.00000 0.15979
2009 11  9 15  0 0.00000 0.22689
2009 11  9 16  0 0.00000 0.30648
2009 11  9 17  0 0.00000 0.24855
2009 11  9 18  0 0.00000 0.19600
2009 11  9 19  0 0.00000 0.42102
2009 11  9 20  0 0.00000 0.34620
2009 11  9 21  0 0.00000 0.14935
2009 11  9 22  0 0.00000 0.06520
2009 11  9 23  0 0.00000 0.02439
2009 11 10  0  0 0.00000 0.00552
2009 11 10  1  0 0.00000 0.00000
2009 11 10  2  0 0.00000 0.00000
2009 11 10  3  0 0.00000 0.00000
2009 11 10  4  0 0.00000 0.00000
2009 11 10  5  0 0.00000 0.00000
2009 11 10  6  0 0.00000 0.00000
2009 11 10  7  0 0.00000 0.00000
2009 11 10  8  0 0.05660 0.00000
2009 11 10  9  0 0.00000 0.00000
2009 11 10 10  0 0.00000 0.00000
2009 11 10 11  0 0.00000 0.00002
2009 11 10 12  0 0.00000 0.01441
2009 11 10 13  0 0.00000 0.03506
2009 11 10 14  0 0.00000 0.12376
2009 11 10 15  0 0.00000 0.25019
2009 11 10 16  0 0.00000 0.28832
2009 11 10 17  0 0.05660 0.29435
2009 11 10 18  0 0.05660 0.29573
2009 11 10 19  0 0.00000 0.34486
2009 11 10 20  0 0.20754 0.23422
2009 11 10 21  0 10.96227 0.05980
2009 11 10 22  0 0.60376 0.00336
2009 11 10 23  0 0.15094 0.00158
2009 11 11  0  0 0.00000 0.00060
2009 11 11  1  0 0.00000 0.00000
2009 11 11  2  0 0.00000 0.00000
2009 11 11  3  0 0.00000 0.00000
2009 11 11  4  0 0.00000 0.00000
2009 11 11  5  0 0.00000 0.00000
2009 11 11  6  0 0.00000 0.00000
2009 11 11  7  0 0.00000 0.00000
2009 11 11  8  0 0.00000 0.00000
2009 11 11  9  0 0.00000 0.00000
2009 11 11 10  0 0.00000 0.00000
2009 11 11 11  0 0.00000 0.00000
2009 11 11 12  0 0.00000 0.01010
2009 11 11 13  0 0.00000 0.04905
2009 11 11 14  0 0.05660 0.06352
2009 11 11 15  0 0.00000 0.22106
2009 11 11 16  0 0.00000 0.23448
2009 11 11 17  0 0.00000 0.15402
2009 11 11 18  0 1.09434 0.11170
2009 11 11 19  0 0.28302 0.08394
2009 11 11 20  0 0.49056 0.04910
2009 11 11 21  0 0.05660 0.02121
2009 11 11 22  0 0.05660 0.01568
2009 11 11 23  0 0.05660 0.01390
2009 11 12  0  0 0.00000 0.00461
2009 11 12  1  0 0.00000 0.00000
2009 11 12  2  0 0.00000 0.00000
2009 11 12  3  0 0.77358 0.00000
2009 11 12  4  0 0.05660 0.00000
2009 11 12  5  0 0.00000 0.00000
2009 11 12  6  0 0.05660 0.00000
2009 11 12  7  0 0.00000 0.00000
2009 11 12  8  0 0.56604 0.00000
2009 11 12  9  0 3.98112 0.00000
2009 11 12 10  0 1.67924 0.00000
2009 11 12 11  0 0.11320 0.00000
2009 11 12 12  0 0.00000 0.00575
2009 11 12 13  0 1.39622 0.04670
2009 11 12 14  0 0.49056 0.06512
2009 11 12 15  0 0.00000 0.15671
2009 11 12 16  0 0.00000 0.27118
2009 11 12 17  0 4.60377 0.16440
2009 11 12 18  0 1.09434 0.04288
2009 11 12 19  0 1.00000 0.01315
2009 11 12 20  0 0.20754 0.01704
2009 11 12 21  0 0.05660 0.02849
2009 11 12 22  0 0.00000 0.02464
2009 11 12 23  0 0.00000 0.01058
2009 11 13  0  0 0.00000 0.00184
2009 11 13  1  0 0.00000 0.00000
2009 11 13  2  0 0.00000 0.00000
2009 11 13  3  0 0.00000 0.00000
2009 11 13  4  0 0.00000 0.00000
2009 11 13  5  0 0.00000 0.00000
2009 11 13  6  0 0.00000 0.00000
2009 11 13  7  0 0.00000 0.00000
2009 11 13  8  0 0.00000 0.00000
2009 11 13  9  0 0.00000 0.00000
2009 11 13 10  0 0.00000 0.00000
2009 11 13 11  0 0.00000 0.00000
2009 11 13 12  0 0.00000 0.00969
2009 11 13 13  0 0.00000 0.06028
2009 11 13 14  0 0.00000 0.17836
2009 11 13 15  0 0.05660 0.27228
2009 11 13 16  0 0.47170 0.23240
2009 11 13 17  0 0.77358 0.27473
2009 11 13 18  0 0.00000 0.32803
2009 11 13 19  0 0.15094 0.33814
2009 11 13 20  0 0.00000 0.18946
2009 11 13 21  0 0.00000 0.06907
2009 11 13 22  0 0.00000 0.04318
2009 11 13 23  0 0.05660 0.01698
2009 11 14  0  0 0.00000 0.00166
2009 11 14  1  0 0.09434 0.00000
2009 11 14  2  0 0.00000 0.00000
2009 11 14  3  0 0.35848 0.00000
2009 11 14  4  0 0.00000 0.00000
2009 11 14  5  0 0.45282 0.00000
2009 11 14  6  0 1.96226 0.00000
2009 11 14  7  0 2.09434 0.00000
2009 11 14  8  0 0.16980 0.00000
2009 11 14  9  0 0.09434 0.00000
2009 11 14 10  0 0.11320 0.00000
2009 11 14 11  0 0.00000 0.00000
2009 11 14 12  0 0.05660 0.00870
2009 11 14 13  0 0.00000 0.06279
2009 11 14 14  0 0.00000 0.17322
2009 11 14 15  0 0.00000 0.27496
2009 11 14 16  0 0.00000 0.24823
2009 11 14 17  0 2.11321 0.16210
2009 11 14 18  0 0.05660 0.12107
2009 11 14 19  0 1.49056 0.14364
2009 11 14 20  0 1.69810 0.08363
2009 11 14 21  0 0.00000 0.03622
2009 11 14 22  0 0.00000 0.03644
2009 11 14 23  0 0.00000 0.02029
2009 11 15  0  0 0.00000 0.00387
2009 11 15  1  0 0.00000 0.00000
2009 11 15  2  0 0.00000 0.00000
2009 11 15  3  0 0.00000 0.00000
2009 11 15  4  0 0.00000 0.00000
2009 11 15  5  0 0.05660 0.00000
2009 11 15  6  0 0.00000 0.00000
2009 11 15  7  0 0.00000 0.00000
2009 11 15  8  0 0.00000 0.00000
2009 11 15  9  0 0.00000 0.00000
2009 11 15 10  0 0.00000 0.00000
2009 11 15 11  0 0.00000 0.00000
2009 11 15 12  0 0.00000 0.00684
2009 11 15 13  0 0.00000 0.04548
2009 11 15 14  0 0.00000 0.07041
2009 11 15 15  0 0.00000 0.04556
2009 11 15 16  0 0.15094 0.02547
2009 11 15 17  0 0.00000 0.03096
2009 11 15 18  0 0.00000 0.05156
2009 11 15 19  0 0.00000 0.09956
2009 11 15 20  0 0.00000 0.17424
2009 11 15 21  0 0.09434 0.16238
2009 11 15 22  0 0.00000 0.09441
2009 11 15 23  0 0.00000 0.02938
2009 11 16  0  0 0.18868 0.00211
2009 11 16  1  0 0.00000 0.00000
2009 11 16  2  0 0.00000 0.00000
2009 11 16  3  0 0.00000 0.00000
2009 11 16  4  0 0.00000 0.00000
2009 11 16  5  0 0.00000 0.00000
2009 11 16  6  0 0.00000 0.00000
2009 11 16  7  0 0.00000 0.00000
2009 11 16  8  0 0.00000 0.00000
2009 11 16  9  0 0.00000 0.00000
2009 11 16 10  0 0.00000 0.00000
2009 11 16 11  0 0.05660 0.00000
2009 11 16 12  0 0.33962 0.00409
2009 11 16 13  0 0.67924 0.01478
2009 11 16 14  0 0.05660 0.01802
2009 11 16 15  0 0.00000 0.02268
2009 11 16 16  0 0.83018 0.02991
2009 11 16 17  0 0.81132 0.02150
2009 11 16 18  0 0.24528 0.01264
2009 11 16 19  0 0.05660 0.02706
2009 11 16 20  0 0.00000 0.05679
2009 11 16 21  0 0.00000 0.10218
2009 11 16 22  0 0.00000 0.09830
2009 11 16 23  0 0.00000 0.04153
2009 11 17  0  0 0.00000 0.00604
2009 11 17  1  0 0.00000 0.00000
2009 11 17  2  0 0.00000 0.00000
2009 11 17  3  0 0.00000 0.00000
2009 11 17  4  0 0.00000 0.00000
2009 11 17  5  0 0.00000 0.00000
2009 11 17  6  0 0.00000 0.00000
2009 11 17  7  0 0.00000 0.00000
2009 11 17  8  0 0.00000 0.00000
2009 11 17  9  0 0.00000 0.00000
2009 11 17 10  0 0.00000 0.00000
2009 11 17 11  0 0.00000 0.00000
2009 11 17 12  0 0.00000 0.00810
2009 11 17 13  0 0.00000 0.06956
2009 11 17 14  0 0.00000 0.14418
2009 11 17 15  0 0.05660 0.24196
2009 11 17 16  0 0.37736 0.18345
2009 11 17 17  0 0.00000 0.17818
2009 11 17 18  0 0.00000 0.35128
2009 11 17 19  0 0.30188 0.32074
2009 11 17 20  0 0.00000 0.15442
2009 11 17 21  0 0.00000 0.09074
2009 11 17 22  0 0.05660 0.09212
2009 11 17 23  0 0.52830 0.04521
2009 11 18  0  0 0.00000 0.00582
2009 11 18  1  0 0.00000 0.00000
2009 11 18  2  0 0.00000 0.00000
2009 11 18  3  0 0.00000 0.00000
2009 11 18  4  0 0.00000 0.00000
2009 11 18  5  0 0.00000 0.00000
2009 11 18  6  0 0.00000 0.00000
2009 11 18  7  0 0.00000 0.00000
2009 11 18  8  0 0.00000 0.00000
2009 11 18  9  0 0.11320 0.00000
2009 11 18 10  0 0.05660 0.00000
2009 11 18 11  0 0.00000 0.00000
2009 11 18 12  0 0.00000 0.00521
2009 11 18 13  0 0.00000 0.07976
2009 11 18 14  0 3.58490 0.09870
2009 11 18 15  0 0.15094 0.10506
2009 11 18 16  0 0.00000 0.11976
2009 11 18 17  0 0.00000 0.25454
2009 11 18 18  0 0.15094 0.27026
2009 11 18 19  0 0.00000 0.20554
2009 11 18 20  0 0.05660 0.18591
2009 11 18 21  0 0.00000 0.11255
2009 11 18 22  0 0.00000 0.04453
2009 11 18 23  0 0.00000 0.02026
2009 11 19  0  0 0.00000 0.00560
2009 11 19  1  0 0.00000 0.00002
2009 11 19  2  0 0.05660 0.00000
2009 11 19  3  0 0.11320 0.00000
2009 11 19  4  0 0.49056 0.00000
2009 11 19  5  0 0.00000 0.00000
2009 11 19  6  0 0.00000 0.00000
2009 11 19  7  0 0.00000 0.00000
2009 11 19  8  0 0.00000 0.00000
2009 11 19  9  0 0.00000 0.00000
2009 11 19 10  0 0.00000 0.00000
2009 11 19 11  0 0.05660 0.00000
2009 11 19 12  0 0.00000 0.00201
2009 11 19 13  0 0.00000 0.01014
2009 11 19 14  0 0.00000 0.08270
2009 11 19 15  0 0.00000 0.20002
2009 11 19 16  0 0.00000 0.25101
2009 11 19 17  0 0.00000 0.22436
2009 11 19 18  0 0.00000 0.23181
2009 11 19 19  0 0.00000 0.39644
2009 11 19 20  0 0.00000 0.28772
2009 11 19 21  0 0.11320 0.10063
2009 11 19 22  0 0.00000 0.05072
2009 11 19 23  0 0.00000 0.02692
2009 11 20  0  0 0.00000 0.00601
2009 11 20  1  0 0.00000 0.00004
2009 11 20  2  0 0.00000 0.00000
2009 11 20  3  0 0.00000 0.00000
2009 11 20  4  0 0.00000 0.00000
2009 11 20  5  0 0.00000 0.00000
2009 11 20  6  0 0.00000 0.00000
2009 11 20  7  0 0.00000 0.00000
2009 11 20  8  0 0.00000 0.00000
2009 11 20  9  0 0.05660 0.00000
2009 11 20 10  0 0.00000 0.00000
2009 11 20 11  0 0.00000 0.00000
2009 11 20 12  0 0.00000 0.01377
2009 11 20 13  0 0.00000 0.05224
2009 11 20 14  0 0.00000 0.14520
2009 11 20 15  0 0.09434 0.17728
2009 11 20 16  0 0.54716 0.19707
2009 11 20 17  0 0.43396 0.32940
2009 11 20 18  0 0.00000 0.49894
2009 11 20 19  0 0.20754 0.42136
2009 11 20 20  0 0.00000 0.17236
2009 11 20 21  0 0.00000 0.07437
2009 11 20 22  0 0.00000 0.10618
2009 11 20 23  0 0.00000 0.05543
2009 11 21  0  0 0.00000 0.00528
2009 11 21  1  0 0.00000 0.00004
2009 11 21  2  0 0.00000 0.00000
2009 11 21  3  0 0.00000 0.00000
2009 11 21  4  0 0.00000 0.00000
2009 11 21  5  0 0.00000 0.00000
2009 11 21  6  0 0.00000 0.00000
2009 11 21  7  0 0.00000 0.00000
2009 11 21  8  0 0.00000 0.00000
2009 11 21  9  0 0.00000 0.00000
2009 11 21 10  0 0.00000 0.00000
2009 11 21 11  0 0.00000 0.00000
2009 11 21 12  0 0.00000 0.00638
2009 11 21 13  0 0.11320 0.03263
2009 11 21 14  0 0.00000 0.10390
2009 11 21 15  0 0.00000 0.15607
2009 11 21 16  0 0.00000 0.30169
2009 11 21 17  0 0.00000 0.24616
2009 11 21 18  0 0.00000 0.17801
2009 11 21 19  0 0.00000 0.24376
2009 11 21 20  0 0.00000 0.19651
2009 11 21 21  0 0.00000 0.08377
2009 11 21 22  0 0.11320 0.02992
2009 11 21 23  0 0.11320 0.00962
2009 11 22  0  0 0.24528 0.00116
2009 11 22  1  0 0.00000 0.00000
2009 11 22  2  0 0.00000 0.00000
2009 11 22  3  0 0.15094 0.00000
2009 11 22  4  0 0.00000 0.00000
2009 11 22  5  0 0.11320 0.00000
2009 11 22  6  0 0.15094 0.00000
2009 11 22  7  0 0.30188 0.00000
2009 11 22  8  0 0.11320 0.00000
2009 11 22  9  0 0.39622 0.00000
2009 11 22 10  0 0.11320 0.00000
2009 11 22 11  0 0.00000 0.00000
2009 11 22 12  0 0.00000 0.01480
2009 11 22 13  0 0.00000 0.07016
2009 11 22 14  0 0.00000 0.10952
2009 11 22 15  0 0.00000 0.21184
2009 11 22 16  0 0.00000 0.33232
2009 11 22 17  0 0.00000 0.41116
2009 11 22 18  0 0.15094 0.25595
2009 11 22 19  0 0.05660 0.13442
2009 11 22 20  0 0.52830 0.11328
2009 11 22 21  0 0.00000 0.09496
2009 11 22 22  0 0.05660 0.05484
2009 11 22 23  0 0.00000 0.01534
2009 11 23  0  0 0.00000 0.00144
2009 11 23  1  0 0.00000 0.00000
2009 11 23  2  0 0.00000 0.00000
2009 11 23  3  0 0.00000 0.00000
2009 11 23  4  0 0.00000 0.00000
2009 11 23  5  0 0.00000 0.00000
2009 11 23  6  0 0.00000 0.00000
2009 11 23  7  0 0.00000 0.00000
2009 11 23  8  0 0.00000 0.00000
2009 11 23  9  0 0.00000 0.00000
2009 11 23 10  0 0.05660 0.00000
2009 11 23 11  0 0.00000 0.00000
2009 11 23 12  0 1.16980 0.00177
2009 11 23 13  0 0.05660 0.00760
2009 11 23 14  0 0.45282 0.02231
2009 11 23 15  0 0.16980 0.04713
2009 11 23 16  0 0.05660 0.07292
2009 11 23 17  0 0.00000 0.08850
2009 11 23 18  0 0.26414 0.09102
2009 11 23 19  0 0.05660 0.08610
2009 11 23 20  0 0.00000 0.08224
2009 11 23 21  0 0.00000 0.06856
2009 11 23 22  0 0.05660 0.03760
2009 11 23 23  0 0.00000 0.01197
2009 11 24  0  0 0.00000 0.00186
2009 11 24  1  0 0.00000 0.00000
2009 11 24  2  0 0.28302 0.00000
2009 11 24  3  0 0.58490 0.00000
2009 11 24  4  0 1.09434 0.00000
2009 11 24  5  0 0.62264 0.00000
2009 11 24  6  0 0.00000 0.00000
2009 11 24  7  0 0.00000 0.00000
2009 11 24  8  0 0.00000 0.00000
2009 11 24  9  0 0.00000 0.00000
2009 11 24 10  0 0.00000 0.00000
2009 11 24 11  0 0.00000 0.00000
2009 11 24 12  0 0.00000 0.00969
2009 11 24 13  0 0.00000 0.07378
2009 11 24 14  0 0.00000 0.15676
2009 11 24 15  0 0.00000 0.15605
2009 11 24 16  0 0.00000 0.17873
2009 11 24 17  0 0.33962 0.16044
2009 11 24 18  0 0.28302 0.06985
2009 11 24 19  0 0.18868 0.02746
2009 11 24 20  0 0.24528 0.02402
2009 11 24 21  0 0.16980 0.02269
2009 11 24 22  0 0.05660 0.02017
2009 11 24 23  0 0.00000 0.01054
2009 11 25  0  0 0.00000 0.00209
2009 11 25  1  0 0.00000 0.00000
2009 11 25  2  0 0.00000 0.00000
2009 11 25  3  0 0.00000 0.00000
2009 11 25  4  0 0.00000 0.00000
2009 11 25  5  0 0.00000 0.00000
2009 11 25  6  0 0.05660 0.00000
2009 11 25  7  0 0.00000 0.00000
2009 11 25  8  0 0.00000 0.00000
2009 11 25  9  0 0.00000 0.00000
2009 11 25 10  0 0.00000 0.00000
2009 11 25 11  0 0.00000 0.00000
2009 11 25 12  0 0.00000 0.00916
2009 11 25 13  0 0.00000 0.06118
2009 11 25 14  0 0.00000 0.09128
2009 11 25 15  0 0.00000 0.15987
2009 11 25 16  0 0.00000 0.17141
2009 11 25 17  0 0.00000 0.11812
2009 11 25 18  0 0.00000 0.10386
2009 11 25 19  0 0.00000 0.21254
2009 11 25 20  0 0.00000 0.22269
2009 11 25 21  0 0.00000 0.15938
2009 11 25 22  0 0.00000 0.09792
2009 11 25 23  0 0.00000 0.03497
2009 11 26  0  0 0.00000 0.00470
2009 11 26  1  0 0.00000 0.00001
2009 11 26  2  0 0.00000 0.00000
2009 11 26  3  0 0.00000 0.00000
2009 11 26  4  0 0.00000 0.00000
2009 11 26  5  0 0.00000 0.00000
2009 11 26  6  0 0.00000 0.00000
2009 11 26  7  0 0.05660 0.00000
2009 11 26  8  0 0.00000 0.00000
2009 11 26  9  0 0.00000 0.00000
2009 11 26 10  0 0.00000 0.00000
2009 11 26 11  0 0.00000 0.00000
2009 11 26 12  0 0.00000 0.00564
2009 11 26 13  0 0.00000 0.07500
2009 11 26 14  0 0.00000 0.22279
2009 11 26 15  0 0.00000 0.33408
2009 11 26 16  0 0.00000 0.26044
2009 11 26 17  0 0.00000 0.27804
2009 11 26 18  0 0.00000 0.32817
2009 11 26 19  0 0.00000 0.33084
2009 11 26 20  0 0.00000 0.27128
2009 11 26 21  0 0.00000 0.17594
2009 11 26 22  0 0.00000 0.10566
2009 11 26 23  0 0.00000 0.05075
2009 11 27  0  0 0.00000 0.01144
2009 11 27  1  0 0.00000 0.00005
2009 11 27  2  0 0.00000 0.00000
2009 11 27  3  0 0.62264 0.00000
2009 11 27  4  0 0.00000 0.00000
2009 11 27  5  0 0.00000 0.00000
2009 11 27  6  0 0.00000 0.00000
2009 11 27  7  0 0.00000 0.00000
2009 11 27  8  0 0.05660 0.00000
2009 11 27  9  0 0.00000 0.00000
2009 11 27 10  0 0.00000 0.00000
2009 11 27 11  0 0.00000 0.00000
2009 11 27 12  0 0.00000 0.00999
2009 11 27 13  0 0.00000 0.04500
2009 11 27 14  0 0.00000 0.14785
2009 11 27 15  0 0.00000 0.22439
2009 11 27 16  0 0.09434 0.32901
2009 11 27 17  0 0.05660 0.31590
2009 11 27 18  0 0.33962 0.28224
2009 11 27 19  0 0.00000 0.21252
2009 11 27 20  0 0.05660 0.16503
2009 11 27 21  0 0.00000 0.11209
2009 11 27 22  0 0.00000 0.06387
2009 11 27 23  0 0.00000 0.03220
2009 11 28  0  0 0.00000 0.00736
2009 11 28  1  0 0.00000 0.00002
2009 11 28  2  0 0.00000 0.00000
2009 11 28  3  0 0.00000 0.00000
2009 11 28  4  0 0.00000 0.00000
2009 11 28  5  0 0.00000 0.00000
2009 11 28  6  0 0.00000 0.00000
2009 11 28  7  0 0.00000 0.00000
2009 11 28  8  0 0.00000 0.00000
2009 11 28  9  0 0.00000 0.00000
2009 11 28 10  0 0.00000 0.00000
2009 11 28 11  0 0.00000 0.00000
2009 11 28 12  0 0.00000 0.00613
2009 11 28 13  0 0.00000 0.04596
2009 11 28 14  0 0.00000 0.10744
2009 11 28 15  0 0.00000 0.20462
2009 11 28 16  0 0.00000 0.26995
2009 11 28 17  0 0.00000 0.26888
2009 11 28 18  0 0.00000 0.34528
2009 11 28 19  0 0.00000 0.34505
2009 11 28 20  0 0.00000 0.24695
2009 11 28 21  0 0.00000 0.24952
2009 11 28 22  0 0.00000 0.14700
2009 11 28 23  0 0.00000 0.03445
2009 11 29  0  0 0.00000 0.00495
2009 11 29  1  0 0.00000 0.00001
2009 11 29  2  0 0.00000 0.00000
2009 11 29  3  0 0.00000 0.00000
2009 11 29  4  0 0.00000 0.00000
2009 11 29  5  0 0.00000 0.00000
2009 11 29  6  0 0.00000 0.00000
2009 11 29  7  0 0.00000 0.00000
2009 11 29  8  0 0.00000 0.00000
2009 11 29  9  0 0.00000 0.00000
2009 11 29 10  0 0.00000 0.00000
2009 11 29 11  0 0.00000 0.00000
2009 11 29 12  0 0.09434 0.00930
2009 11 29 13  0 0.00000 0.08748
2009 11 29 14  0 0.00000 0.19464
2009 11 29 15  0 0.00000 0.28015
2009 11 29 16  0 1.01886 0.25206
2009 11 29 17  0 1.01886 0.18646
2009 11 29 18  0 1.30188 0.17530
2009 11 29 19  0 0.05660 0.13418
2009 11 29 20  0 0.00000 0.10903
2009 11 29 21  0 0.00000 0.11082
2009 11 29 22  0 0.62264 0.09431
2009 11 29 23  0 1.24528 0.03958
2009 11 30  0  0 0.43396 0.00486
2009 11 30  1  0 0.00000 0.00006
2009 11 30  2  0 0.00000 0.00000
2009 11 30  3  0 0.05660 0.00000
2009 11 30  4  0 0.00000 0.00000
2009 11 30  5  0 0.00000 0.00000
2009 11 30  6  0 0.00000 0.00000
2009 11 30  7  0 0.00000 0.00000
2009 11 30  8  0 0.00000 0.00000
2009 11 30  9  0 0.00000 0.00000
2009 11 30 10  0 0.00000 0.00000
2009 11 30 11  0 0.00000 0.00000
2009 11 30 12  0 0.00000 0.01810
2009 11 30 13  0 0.00000 0.09592
2009 11 30 14  0 0.00000 0.13288
2009 11 30 15  0 0.00000 0.11703
2009 11 30 16  0 0.00000 0.11210
2009 11 30 17  0 0.00000 0.19619
2009 11 30 18  0 0.00000 0.21280
2009 11 30 19  0 0.00000 0.19490
2009 11 30 20  0 0.00000 0.20136
2009 11 30 21  0 0.00000 0.15070
2009 11 30 22  0 0.09434 0.07325
2009 11 30 23  0 0.00000 0.01990
2009 12  1  0  0 0.00000 0.00156
2009 12  1  1  0 0.00000 0.00000
2009 12  1  2  0 0.00000 0.00000
2009 12  1  3  0 0.00000 0.00000
2009 12  1  4  0 0.00000 0.00000
2009 12  1  5  0 0.00000 0.00000
2009 12  1  6  0 0.00000 0.00000
2009 12  1  7  0 0.00000 0.00000
2009 12  1  8  0 0.00000 0.00000
2009 12  1  9  0 0.00000 0.00000
2009 12  1 10  0 0.00000 0.00000
2009 12  1 11  0 0.00000 0.00000
2009 12  1 12  0 0.00000 0.00570
2009 12  1 13  0 0.00000 0.03698
2009 12  1 14  0 0.00000 0.11372
2009 12  1 15  0 0.00000 0.24433
2009 12  1 16  0 0.00000 0.37692
2009 12  1 17  0 0.00000 0.36017
2009 12  1 18  0 0.00000 0.34834
2009 12  1 19  0 0.00000 0.32412
2009 12  1 20  0 0.00000 0.28930
2009 12  1 21  0 0.00000 0.15708
2009 12  1 22  0 0.05660 0.05106
2009 12  1 23  0 0.00000 0.02300
2009 12  2  0  0 0.00000 0.00655
2009 12  2  1  0 0.00000 0.00006
2009 12  2  2  0 0.00000 0.00000
2009 12  2  3  0 0.00000 0.00000
2009 12  2  4  0 0.00000 0.00000
2009 12  2  5  0 0.00000 0.00000
2009 12  2  6  0 0.05660 0.00000
2009 12  2  7  0 0.00000 0.00000
2009 12  2  8  0 0.00000 0.00000
2009 12  2  9  0 0.00000 0.00000
2009 12  2 10  0 0.00000 0.00000
2009 12  2 11  0 0.00000 0.00000
2009 12  2 12  0 0.00000 0.00460
2009 12  2 13  0 0.00000 0.03723
2009 12  2 14  0 0.00000 0.11852
2009 12  2 15  0 0.00000 0.26826
2009 12  2 16  0 0.00000 0.41862
2009 12  2 17  0 0.00000 0.43672
2009 12  2 18  0 0.00000 0.45283
2009 12  2 19  0 0.00000 0.38324
2009 12  2 20  0 0.00000 0.23161
2009 12  2 21  0 0.00000 0.11848
2009 12  2 22  0 0.00000 0.06770
2009 12  2 23  0 0.00000 0.02847
2009 12  3  0  0 0.00000 0.00432
2009 12  3  1  0 0.00000 0.00004
2009 12  3  2  0 0.00000 0.00000
2009 12  3  3  0 0.00000 0.00000
2009 12  3  4  0 0.00000 0.00000
2009 12  3  5  0 0.00000 0.00000
2009 12  3  6  0 0.00000 0.00000
2009 12  3  7  0 0.05660 0.00000
2009 12  3  8  0 0.00000 0.00000
2009 12  3  9  0 0.00000 0.00000
2009 12  3 10  0 0.00000 0.00000
2009 12  3 11  0 0.00000 0.00000
2009 12  3 12  0 0.00000 0.00937
2009 12  3 13  0 0.00000 0.08425
2009 12  3 14  0 0.00000 0.21314
2009 12  3 15  0 0.00000 0.31102
2009 12  3 16  0 0.00000 0.29792
2009 12  3 17  0 0.00000 0.28894
2009 12  3 18  0 0.00000 0.35611
2009 12  3 19  0 0.00000 0.30879
2009 12  3 20  0 0.00000 0.15357
2009 12  3 21  0 0.00000 0.08558
2009 12  3 22  0 0.00000 0.08222
2009 12  3 23  0 0.00000 0.04856
2009 12  4  0  0 0.00000 0.01081
2009 12  4  1  0 0.00000 0.00006
2009 12  4  2  0 0.00000 0.00000
2009 12  4  3  0 0.00000 0.00000
2009 12  4  4  0 0.00000 0.00000
2009 12  4  5  0 0.05660 0.00000
2009 12  4  6  0 0.00000 0.00000
2009 12  4  7  0 0.00000 0.00000
2009 12  4  8  0 0.00000 0.00000
2009 12  4  9  0 0.00000 0.00000
2009 12  4 10  0 0.00000 0.00000
2009 12  4 11  0 0.00000 0.00000
2009 12  4 12  0 0.00000 0.00893
2009 12  4 13  0 0.00000 0.08389
2009 12  4 14  0 0.00000 0.21943
2009 12  4 15  0 0.00000 0.35874
2009 12  4 16  0 0.00000 0.44254
2009 12  4 17  0 0.00000 0.47494
2009 12  4 18  0 0.00000 0.51263
2009 12  4 19  0 0.00000 0.45246
2009 12  4 20  0 0.00000 0.35681
2009 12  4 21  0 0.00000 0.32674
2009 12  4 22  0 0.00000 0.20974
2009 12  4 23  0 0.00000 0.06998
2009 12  5  0  0 0.00000 0.01063
2009 12  5  1  0 0.00000 0.00006
2009 12  5  2  0 0.00000 0.00000
2009 12  5  3  0 0.00000 0.00000
2009 12  5  4  0 0.00000 0.00000
2009 12  5  5  0 0.00000 0.00000
2009 12  5  6  0 0.05660 0.00000
2009 12  5  7  0 0.00000 0.00000
2009 12  5  8  0 0.00000 0.00000
2009 12  5  9  0 0.00000 0.00000
2009 12  5 10  0 0.00000 0.00000
2009 12  5 11  0 0.00000 0.00000
2009 12  5 12  0 0.00000 0.01094
2009 12  5 13  0 0.00000 0.08733
2009 12  5 14  0 0.00000 0.20515
2009 12  5 15  0 0.00000 0.29293
2009 12  5 16  0 0.00000 0.33401
2009 12  5 17  0 0.00000 0.42363
2009 12  5 18  0 0.00000 0.52248
2009 12  5 19  0 0.00000 0.42110
2009 12  5 20  0 0.00000 0.33293
2009 12  5 21  0 0.00000 0.31946
2009 12  5 22  0 0.00000 0.19688
2009 12  5 23  0 0.00000 0.06579
2009 12  6  0  0 0.00000 0.01115
2009 12  6  1  0 0.00000 0.00005
2009 12  6  2  0 0.00000 0.00000
2009 12  6  3  0 0.00000 0.00000
2009 12  6  4  0 0.00000 0.00000
2009 12  6  5  0 0.05660 0.00000
2009 12  6  6  0 0.00000 0.00000
2009 12  6  7  0 0.00000 0.00000
2009 12  6  8  0 0.00000 0.00000
2009 12  6  9  0 0.00000 0.00000
2009 12  6 10  0 0.00000 0.00000
2009 12  6 11  0 0.00000 0.00000
2009 12  6 12  0 0.05660 0.01098
2009 12  6 13  0 0.00000 0.08639
2009 12  6 14  0 0.00000 0.17970
2009 12  6 15  0 0.00000 0.31555
2009 12  6 16  0 0.00000 0.41558
2009 12  6 17  0 0.00000 0.45637
2009 12  6 18  0 0.00000 0.52464
2009 12  6 19  0 0.00000 0.54520
2009 12  6 20  0 0.00000 0.44526
2009 12  6 21  0 0.00000 0.31944
2009 12  6 22  0 0.00000 0.17847
2009 12  6 23  0 0.00000 0.06020
2009 12  7  0  0 0.00000 0.00940
2009 12  7  1  0 0.00000 0.00008
2009 12  7  2  0 0.00000 0.00000
2009 12  7  3  0 0.00000 0.00000
2009 12  7  4  0 0.00000 0.00000
2009 12  7  5  0 0.00000 0.00000
2009 12  7  6  0 0.00000 0.00000
2009 12  7  7  0 0.00000 0.00000
2009 12  7  8  0 0.00000 0.00000
2009 12  7  9  0 0.00000 0.00000
2009 12  7 10  0 0.00000 0.00000
2009 12  7 11  0 0.00000 0.00000
2009 12  7 12  0 0.00000 0.00770
2009 12  7 13  0 0.00000 0.08073
2009 12  7 14  0 0.00000 0.21307
2009 12  7 15  0 0.00000 0.33866
2009 12  7 16  0 0.00000 0.45517
2009 12  7 17  0 0.00000 0.40836
2009 12  7 18  0 0.00000 0.50158
2009 12  7 19  0 0.00000 0.56387
2009 12  7 20  0 0.00000 0.43700
2009 12  7 21  0 0.00000 0.31189
2009 12  7 22  0 0.00000 0.18020
2009 12  7 23  0 0.00000 0.06910
2009 12  8  0  0 0.00000 0.01410
2009 12  8  1  0 0.00000 0.00008
2009 12  8  2  0 0.00000 0.00000
2009 12  8  3  0 0.00000 0.00000
2009 12  8  4  0 0.00000 0.00000
2009 12  8  5  0 0.00000 0.00000
2009 12  8  6  0 0.00000 0.00000
2009 12  8  7  0 0.00000 0.00000
2009 12  8  8  0 0.00000 0.00000
2009 12  8  9  0 0.05660 0.00000
2009 12  8 10  0 0.00000 0.00000
2009 12  8 11  0 0.00000 0.00000
2009 12  8 12  0 0.00000 0.00893
2009 12  8 13  0 0.00000 0.09153
2009 12  8 14  0 0.00000 0.21865
2009 12  8 15  0 0.00000 0.34386
2009 12  8 16  0 0.00000 0.34129
2009 12  8 17  0 0.00000 0.38140
2009 12  8 18  0 0.00000 0.50156
2009 12  8 19  0 0.00000 0.55704
2009 12  8 20  0 0.00000 0.31811
2009 12  8 21  0 0.00000 0.09239
2009 12  8 22  0 0.09434 0.03429
2009 12  8 23  0 0.00000 0.02480
2009 12  9  0  0 0.00000 0.00869
2009 12  9  1  0 0.00000 0.00006
2009 12  9  2  0 0.00000 0.00000
2009 12  9  3  0 0.00000 0.00000
2009 12  9  4  0 0.58490 0.00000
2009 12  9  5  0 0.77358 0.00000
2009 12  9  6  0 2.20754 0.00000
2009 12  9  7  0 0.00000 0.00000
2009 12  9  8  0 0.00000 0.00000
2009 12  9  9  0 0.00000 0.00000
2009 12  9 10  0 0.00000 0.00000
2009 12  9 11  0 0.00000 0.00000
2009 12  9 12  0 0.00000 0.00123
2009 12  9 13  0 0.00000 0.01769
2009 12  9 14  0 0.00000 0.03760
2009 12  9 15  0 0.00000 0.10470
2009 12  9 16  0 0.00000 0.17855
2009 12  9 17  0 0.00000 0.28826
2009 12  9 18  0 0.00000 0.30173
2009 12  9 19  0 0.00000 0.31814
2009 12  9 20  0 11.56603 0.21717
2009 12  9 21  0 1.96227 0.06888
2009 12  9 22  0 0.05660 0.04061
2009 12  9 23  0 0.00000 0.03032
2009 12 10  0  0 0.00000 0.00698
2009 12 10  1  0 0.00000 0.00002
2009 12 10  2  0 0.00000 0.00000
2009 12 10  3  0 0.05660 0.00000
2009 12 10  4  0 0.00000 0.00000
2009 12 10  5  0 0.00000 0.00000
2009 12 10  6  0 0.00000 0.00000
2009 12 10  7  0 0.00000 0.00000
2009 12 10  8  0 0.00000 0.00000
2009 12 10  9  0 0.00000 0.00000
2009 12 10 10  0 0.00000 0.00000
2009 12 10 11  0 0.00000 0.00000
2009 12 10 12  0 0.00000 0.00330
2009 12 10 13  0 0.00000 0.04106
2009 12 10 14  0 0.00000 0.13384
2009 12 10 15  0 0.00000 0.24814
2009 12 10 16  0 0.05660 0.35842
2009 12 10 17  0 0.05660 0.31972
2009 12 10 18  0 0.00000 0.17302
2009 12 10 19  0 0.00000 0.21798
2009 12 10 20  0 0.05660 0.21064
2009 12 10 21  0 0.24528 0.08134
2009 12 10 22  0 0.00000 0.03354
2009 12 10 23  0 0.00000 0.02450
2009 12 11  0  0 0.00000 0.00657
2009 12 11  1  0 0.00000 0.00002
2009 12 11  2  0 0.00000 0.00000
2009 12 11  3  0 0.00000 0.00000
2009 12 11  4  0 0.00000 0.00000
2009 12 11  5  0 0.00000 0.00000
2009 12 11  6  0 0.00000 0.00000
2009 12 11  7  0 0.00000 0.00000
2009 12 11  8  0 0.00000 0.00000
2009 12 11  9  0 0.00000 0.00000
2009 12 11 10  0 0.05660 0.00000
2009 12 11 11  0 0.00000 0.00000
2009 12 11 12  0 0.00000 0.00724
2009 12 11 13  0 0.00000 0.07806
2009 12 11 14  0 0.00000 0.20541
2009 12 11 15  0 0.00000 0.26718
2009 12 11 16  0 0.00000 0.38476
2009 12 11 17  0 0.00000 0.45963
2009 12 11 18  0 0.00000 0.50466
2009 12 11 19  0 0.00000 0.48179
2009 12 11 20  0 0.00000 0.44272
2009 12 11 21  0 0.00000 0.24696
2009 12 11 22  0 0.00000 0.07778
2009 12 11 23  0 0.00000 0.03620
2009 12 12  0  0 0.00000 0.01188
2009 12 12  1  0 0.00000 0.00008
2009 12 12  2  0 0.00000 0.00000
2009 12 12  3  0 0.00000 0.00000
2009 12 12  4  0 0.00000 0.00000
2009 12 12  5  0 0.00000 0.00000
2009 12 12  6  0 0.00000 0.00000
2009 12 12  7  0 0.00000 0.00000
2009 12 12  8  0 0.00000 0.00000
2009 12 12  9  0 0.00000 0.00000
2009 12 12 10  0 0.00000 0.00000
2009 12 12 11  0 0.00000 0.00000
2009 12 12 12  0 0.00000 0.00720
2009 12 12 13  0 0.00000 0.07718
2009 12 12 14  0 0.00000 0.20647
2009 12 12 15  0 0.00000 0.34360
2009 12 12 16  0 0.00000 0.44732
2009 12 12 17  0 0.00000 0.45234
2009 12 12 18  0 0.00000 0.50726
2009 12 12 19  0 0.00000 0.52658
2009 12 12 20  0 0.00000 0.43854
2009 12 12 21  0 0.00000 0.33326
2009 12 12 22  0 0.00000 0.19692
2009 12 12 23  0 0.00000 0.07009
2009 12 13  0  0 0.00000 0.01138
2009 12 13  1  0 0.00000 0.00010
2009 12 13  2  0 0.00000 0.00000
2009 12 13  3  0 0.00000 0.00000
2009 12 13  4  0 0.00000 0.00000
2009 12 13  5  0 0.00000 0.00000
2009 12 13  6  0 0.00000 0.00000
2009 12 13  7  0 0.00000 0.00000
2009 12 13  8  0 0.00000 0.00000
2009 12 13  9  0 0.00000 0.00000
2009 12 13 10  0 0.00000 0.00000
2009 12 13 11  0 0.00000 0.00000
2009 12 13 12  0 0.00000 0.00253
2009 12 13 13  0 0.00000 0.02634
2009 12 13 14  0 0.00000 0.05988
2009 12 13 15  0 0.00000 0.16279
2009 12 13 16  0 0.00000 0.32559
2009 12 13 17  0 0.00000 0.40320
2009 12 13 18  0 0.00000 0.44509
2009 12 13 19  0 0.00000 0.48218
2009 12 13 20  0 0.00000 0.39618
2009 12 13 21  0 0.00000 0.28484
2009 12 13 22  0 0.00000 0.15973
2009 12 13 23  0 0.00000 0.05784
2009 12 14  0  0 0.00000 0.01164
2009 12 14  1  0 0.00000 0.00020
2009 12 14  2  0 0.00000 0.00000
2009 12 14  3  0 0.00000 0.00000
2009 12 14  4  0 0.00000 0.00000
2009 12 14  5  0 0.00000 0.00000
2009 12 14  6  0 0.00000 0.00000
2009 12 14  7  0 0.00000 0.00000
2009 12 14  8  0 0.00000 0.00000
2009 12 14  9  0 0.00000 0.00000
2009 12 14 10  0 0.00000 0.00000
2009 12 14 11  0 0.00000 0.00000
2009 12 14 12  0 0.00000 0.00340
2009 12 14 13  0 0.00000 0.04229
2009 12 14 14  0 0.00000 0.16400
2009 12 14 15  0 0.00000 0.32896
2009 12 14 16  0 0.00000 0.43542
2009 12 14 17  0 0.00000 0.44148
2009 12 14 18  0 0.00000 0.48062
2009 12 14 19  0 0.00000 0.51158
2009 12 14 20  0 0.00000 0.44088
2009 12 14 21  0 0.00000 0.33368
2009 12 14 22  0 0.00000 0.18545
2009 12 14 23  0 0.00000 0.06243
2009 12 15  0  0 0.00000 0.01066
2009 12 15  1  0 0.00000 0.00010
2009 12 15  2  0 0.00000 0.00000
2009 12 15  3  0 0.00000 0.00000
2009 12 15  4  0 0.00000 0.00000
2009 12 15  5  0 0.00000 0.00000
2009 12 15  6  0 0.00000 0.00000
2009 12 15  7  0 0.00000 0.00000
2009 12 15  8  0 0.00000 0.00000
2009 12 15  9  0 0.00000 0.00000
2009 12 15 10  0 0.00000 0.00000
2009 12 15 11  0 0.00000 0.00000
2009 12 15 12  0 0.00000 0.00570
2009 12 15 13  0 0.00000 0.07086
2009 12 15 14  0 0.00000 0.20095
2009 12 15 15  0 0.00000 0.37654
2009 12 15 16  0 0.00000 0.40469
2009 12 15 17  0 0.00000 0.29678
2009 12 15 18  0 0.00000 0.26817
2009 12 15 19  0 1.15094 0.28422
2009 12 15 20  0 0.05660 0.24385
2009 12 15 21  0 0.62264 0.10639
2009 12 15 22  0 0.00000 0.03460
2009 12 15 23  0 0.00000 0.02130
2009 12 16  0  0 0.00000 0.00574
2009 12 16  1  0 0.00000 0.00007
2009 12 16  2  0 0.00000 0.00000
2009 12 16  3  0 0.00000 0.00000
2009 12 16  4  0 0.00000 0.00000
2009 12 16  5  0 0.00000 0.00000
2009 12 16  6  0 0.05660 0.00000
2009 12 16  7  0 0.00000 0.00000
2009 12 16  8  0 0.00000 0.00000
2009 12 16  9  0 0.00000 0.00000
2009 12 16 10  0 0.00000 0.00000
2009 12 16 11  0 0.00000 0.00000
2009 12 16 12  0 0.00000 0.00423
2009 12 16 13  0 0.00000 0.06806
2009 12 16 14  0 0.00000 0.19634
2009 12 16 15  0 0.00000 0.32589
2009 12 16 16  0 0.00000 0.42308
2009 12 16 17  0 0.00000 0.43912
2009 12 16 18  0 0.00000 0.48269
2009 12 16 19  0 0.00000 0.44882
2009 12 16 20  0 0.00000 0.44569
2009 12 16 21  0 0.00000 0.37428
2009 12 16 22  0 0.00000 0.19996
2009 12 16 23  0 0.00000 0.06675
2009 12 17  0  0 0.00000 0.01122
2009 12 17  1  0 0.00000 0.00010
2009 12 17  2  0 0.00000 0.00000
2009 12 17  3  0 0.00000 0.00000
2009 12 17  4  0 0.00000 0.00000
2009 12 17  5  0 0.00000 0.00000
2009 12 17  6  0 0.00000 0.00000
2009 12 17  7  0 0.00000 0.00000
2009 12 17  8  0 0.00000 0.00000
2009 12 17  9  0 0.00000 0.00000
2009 12 17 10  0 0.00000 0.00000
2009 12 17 11  0 0.00000 0.00000
2009 12 17 12  0 0.00000 0.00564
2009 12 17 13  0 0.00000 0.07116
2009 12 17 14  0 0.00000 0.20004
2009 12 17 15  0 0.00000 0.30130
2009 12 17 16  0 0.00000 0.35799
2009 12 17 17  0 0.00000 0.42590
2009 12 17 18  0 0.00000 0.49654
2009 12 17 19  0 0.00000 0.47812
2009 12 17 20  0 0.00000 0.41296
2009 12 17 21  0 0.00000 0.32386
2009 12 17 22  0 0.00000 0.19825
2009 12 17 23  0 0.00000 0.06954
2009 12 18  0  0 0.00000 0.00894
2009 12 18  1  0 0.00000 0.00008
2009 12 18  2  0 0.00000 0.00000
2009 12 18  3  0 0.00000 0.00000
2009 12 18  4  0 0.00000 0.00000
2009 12 18  5  0 0.00000 0.00000
2009 12 18  6  0 0.00000 0.00000
2009 12 18  7  0 0.00000 0.00000
2009 12 18  8  0 0.05660 0.00000
2009 12 18  9  0 0.00000 0.00000
2009 12 18 10  0 0.00000 0.00000
2009 12 18 11  0 0.00000 0.00000
2009 12 18 12  0 0.00000 0.01127
2009 12 18 13  0 0.00000 0.06615
2009 12 18 14  0 0.00000 0.12275
2009 12 18 15  0 0.00000 0.20720
2009 12 18 16  0 0.00000 0.37297
2009 12 18 17  0 0.00000 0.38014
2009 12 18 18  0 0.00000 0.36305
2009 12 18 19  0 0.00000 0.47650
2009 12 18 20  0 0.00000 0.47247
2009 12 18 21  0 0.00000 0.33520
2009 12 18 22  0 0.00000 0.18506
2009 12 18 23  0 0.00000 0.06581
2009 12 19  0  0 0.00000 0.01018
2009 12 19  1  0 0.00000 0.00006
2009 12 19  2  0 0.00000 0.00000
2009 12 19  3  0 0.00000 0.00000
2009 12 19  4  0 0.00000 0.00000
2009 12 19  5  0 0.00000 0.00000
2009 12 19  6  0 0.00000 0.00000
2009 12 19  7  0 0.00000 0.00000
2009 12 19  8  0 0.00000 0.00000
2009 12 19  9  0 0.00000 0.00000
2009 12 19 10  0 0.05660 0.00000
2009 12 19 11  0 0.00000 0.00000
2009 12 19 12  0 0.00000 0.00237
2009 12 19 13  0 0.00000 0.02556
2009 12 19 14  0 0.00000 0.13000
2009 12 19 15  0 0.00000 0.20638
2009 12 19 16  0 0.00000 0.34762
2009 12 19 17  0 0.00000 0.42332
2009 12 19 18  0 0.00000 0.39859
2009 12 19 19  0 0.00000 0.41754
2009 12 19 20  0 0.00000 0.42351
2009 12 19 21  0 0.00000 0.29972
2009 12 19 22  0 0.00000 0.14888
2009 12 19 23  0 0.00000 0.05695
2009 12 20  0  0 0.00000 0.01179
2009 12 20  1  0 0.00000 0.00006
2009 12 20  2  0 0.00000 0.00000
2009 12 20  3  0 0.00000 0.00000
2009 12 20  4  0 0.00000 0.00000
2009 12 20  5  0 0.00000 0.00000
2009 12 20  6  0 0.00000 0.00000
2009 12 20  7  0 0.05660 0.00000
2009 12 20  8  0 0.00000 0.00000
2009 12 20  9  0 0.00000 0.00000
2009 12 20 10  0 0.00000 0.00000
2009 12 20 11  0 0.00000 0.00000
2009 12 20 12  0 0.00000 0.00506
2009 12 20 13  0 0.00000 0.02851
2009 12 20 14  0 0.00000 0.07952
2009 12 20 15  0 0.00000 0.13626
2009 12 20 16  0 0.00000 0.29278
2009 12 20 17  0 0.00000 0.32977
2009 12 20 18  0 0.00000 0.27797
2009 12 20 19  0 0.00000 0.24374
2009 12 20 20  0 0.00000 0.16889
2009 12 20 21  0 0.00000 0.14256
2009 12 20 22  0 0.00000 0.09853
2009 12 20 23  0 0.00000 0.03576
2009 12 21  0  0 0.00000 0.00635
2009 12 21  1  0 0.00000 0.00010
2009 12 21  2  0 0.00000 0.00000
2009 12 21  3  0 0.00000 0.00000
2009 12 21  4  0 0.00000 0.00000
2009 12 21  5  0 0.05660 0.00000
2009 12 21  6  0 0.00000 0.00000
2009 12 21  7  0 0.00000 0.00000
2009 12 21  8  0 0.00000 0.00000
2009 12 21  9  0 0.00000 0.00000
2009 12 21 10  0 0.00000 0.00000
2009 12 21 11  0 0.00000 0.00000
2009 12 21 12  0 0.00000 0.00258
2009 12 21 13  0 0.00000 0.08165
2009 12 21 14  0 0.00000 0.11293
2009 12 21 15  0 0.00000 0.24557
2009 12 21 16  0 0.00000 0.25612
2009 12 21 17  0 0.00000 0.25020
2009 12 21 18  0 0.00000 0.21232
2009 12 21 19  0 0.00000 0.22691
2009 12 21 20  0 0.00000 0.20225
2009 12 21 21  0 0.00000 0.17284
2009 12 21 22  0 0.00000 0.12018
2009 12 21 23  0 0.00000 0.04434
2009 12 22  0  0 0.11320 0.00714
2009 12 22  1  0 0.00000 0.00008
2009 12 22  2  0 0.00000 0.00000
2009 12 22  3  0 0.00000 0.00000
2009 12 22  4  0 0.00000 0.00000
2009 12 22  5  0 0.00000 0.00000
2009 12 22  6  0 0.00000 0.00000
2009 12 22  7  0 0.00000 0.00000
2009 12 22  8  0 0.00000 0.00000
2009 12 22  9  0 0.00000 0.00000
2009 12 22 10  0 0.00000 0.00000
2009 12 22 11  0 0.00000 0.00000
2009 12 22 12  0 0.00000 0.00110
2009 12 22 13  0 0.00000 0.01017
2009 12 22 14  0 0.00000 0.03044
2009 12 22 15  0 0.00000 0.05321
2009 12 22 16  0 0.00000 0.09700
2009 12 22 17  0 0.00000 0.17973
2009 12 22 18  0 0.00000 0.24756
2009 12 22 19  0 0.00000 0.34395
2009 12 22 20  0 0.00000 0.31098
2009 12 22 21  0 0.00000 0.29934
2009 12 22 22  0 0.00000 0.20556
2009 12 22 23  0 0.00000 0.08387
2009 12 23  0  0 0.00000 0.01992
2009 12 23  1  0 0.00000 0.00016
2009 12 23  2  0 0.00000 0.00000
2009 12 23  3  0 0.24528 0.00000
2009 12 23  4  0 0.00000 0.00000
2009 12 23  5  0 0.00000 0.00000
2009 12 23  6  0 0.00000 0.00000
2009 12 23  7  0 0.00000 0.00000
2009 12 23  8  0 0.05660 0.00000
2009 12 23  9  0 0.00000 0.00000
2009 12 23 10  0 0.00000 0.00000
2009 12 23 11  0 0.00000 0.00000
2009 12 23 12  0 0.00000 0.00356
2009 12 23 13  0 0.00000 0.02814
2009 12 23 14  0 0.00000 0.06287
2009 12 23 15  0 0.28302 0.14611
2009 12 23 16  0 0.05660 0.18820
2009 12 23 17  0 0.00000 0.18958
2009 12 23 18  0 0.00000 0.23702
2009 12 23 19  0 0.00000 0.34163
2009 12 23 20  0 0.00000 0.23166
2009 12 23 21  0 0.00000 0.21754
2009 12 23 22  0 0.00000 0.18916
2009 12 23 23  0 0.00000 0.07135
2009 12 24  0  0 0.00000 0.01067
2009 12 24  1  0 0.00000 0.00010
2009 12 24  2  0 0.00000 0.00000
2009 12 24  3  0 0.00000 0.00000
2009 12 24  4  0 0.11320 0.00000
2009 12 24  5  0 0.00000 0.00000
2009 12 24  6  0 0.00000 0.00000
2009 12 24  7  0 0.00000 0.00000
2009 12 24  8  0 0.00000 0.00000
2009 12 24  9  0 0.00000 0.00000
2009 12 24 10  0 0.00000 0.00000
2009 12 24 11  0 0.00000 0.00000
2009 12 24 12  0 0.00000 0.00157
2009 12 24 13  0 0.00000 0.03058
2009 12 24 14  0 0.00000 0.11684
2009 12 24 15  0 0.00000 0.25726
2009 12 24 16  0 0.00000 0.38232
2009 12 24 17  0 0.05660 0.40494
2009 12 24 18  0 0.00000 0.44906
2009 12 24 19  0 0.00000 0.41796
2009 12 24 20  0 0.00000 0.35568
2009 12 24 21  0 0.00000 0.23536
2009 12 24 22  0 0.00000 0.13074
2009 12 24 23  0 0.00000 0.05458
2009 12 25  0  0 0.00000 0.00906
2009 12 25  1  0 0.00000 0.00010
2009 12 25  2  0 0.00000 0.00000
2009 12 25  3  0 0.00000 0.00000
2009 12 25  4  0 0.00000 0.00000
2009 12 25  5  0 0.00000 0.00000
2009 12 25  6  0 0.00000 0.00000
2009 12 25  7  0 0.00000 0.00000
2009 12 25  8  0 0.00000 0.00000
2009 12 25  9  0 0.00000 0.00000
2009 12 25 10  0 0.00000 0.00000
2009 12 25 11  0 0.00000 0.00000
2009 12 25 12  0 0.00000 0.00338
2009 12 25 13  0 0.00000 0.02369
2009 12 25 14  0 0.00000 0.12402
2009 12 25 15  0 0.00000 0.30956
2009 12 25 16  0 0.00000 0.36434
2009 12 25 17  0 0.00000 0.26099
2009 12 25 18  0 0.00000 0.27670
2009 12 25 19  0 0.00000 0.27561
2009 12 25 20  0 0.00000 0.23229
2009 12 25 21  0 0.00000 0.21415
2009 12 25 22  0 0.00000 0.17441
2009 12 25 23  0 0.00000 0.08885
2009 12 26  0  0 0.00000 0.01928
2009 12 26  1  0 0.00000 0.00026
2009 12 26  2  0 0.00000 0.00000
2009 12 26  3  0 0.00000 0.00000
2009 12 26  4  0 0.00000 0.00000
2009 12 26  5  0 0.00000 0.00000
2009 12 26  6  0 0.00000 0.00000
2009 12 26  7  0 0.00000 0.00000
2009 12 26  8  0 0.00000 0.00000
2009 12 26  9  0 0.00000 0.00000
2009 12 26 10  0 0.00000 0.00000
2009 12 26 11  0 0.00000 0.00000
2009 12 26 12  0 0.00000 0.00577
2009 12 26 13  0 0.00000 0.03778
2009 12 26 14  0 0.00000 0.15002
2009 12 26 15  0 0.00000 0.24479
2009 12 26 16  0 0.00000 0.26374
2009 12 26 17  0 0.00000 0.32938
2009 12 26 18  0 0.00000 0.40691
2009 12 26 19  0 0.00000 0.46978
2009 12 26 20  0 0.00000 0.44804
2009 12 26 21  0 0.00000 0.37922
2009 12 26 22  0 0.00000 0.20615
2009 12 26 23  0 0.00000 0.06461
2009 12 27  0  0 0.00000 0.01295
2009 12 27  1  0 0.00000 0.00032
2009 12 27  2  0 0.00000 0.00000
2009 12 27  3  0 0.00000 0.00000
2009 12 27  4  0 0.00000 0.00000
2009 12 27  5  0 0.00000 0.00000
2009 12 27  6  0 0.00000 0.00000
2009 12 27  7  0 0.00000 0.00000
2009 12 27  8  0 0.00000 0.00000
2009 12 27  9  0 0.05660 0.00000
2009 12 27 10  0 0.00000 0.00000
2009 12 27 11  0 0.00000 0.00000
2009 12 27 12  0 0.00000 0.00267
2009 12 27 13  0 0.00000 0.06934
2009 12 27 14  0 0.00000 0.20378
2009 12 27 15  0 0.00000 0.33672
2009 12 27 16  0 0.00000 0.49886
2009 12 27 17  0 0.00000 0.51389
2009 12 27 18  0 0.00000 0.49702
2009 12 27 19  0 0.00000 0.27625
2009 12 27 20  0 0.00000 0.23700
2009 12 27 21  0 0.00000 0.20964
2009 12 27 22  0 0.00000 0.13060
2009 12 27 23  0 0.00000 0.05875
2009 12 28  0  0 0.00000 0.00996
2009 12 28  1  0 0.00000 0.00028
2009 12 28  2  0 0.00000 0.00000
2009 12 28  3  0 0.00000 0.00000
2009 12 28  4  0 0.00000 0.00000
2009 12 28  5  0 0.00000 0.00000
2009 12 28  6  0 0.00000 0.00000
2009 12 28  7  0 0.00000 0.00000
2009 12 28  8  0 0.00000 0.00000
2009 12 28  9  0 0.00000 0.00000
2009 12 28 10  0 0.00000 0.00000
2009 12 28 11  0 0.00000 0.00000
2009 12 28 12  0 0.00000 0.00124
2009 12 28 13  0 0.00000 0.05680
2009 12 28 14  0 0.00000 0.11582
2009 12 28 15  0 0.00000 0.26546
2009 12 28 16  0 0.00000 0.26798
2009 12 28 17  0 0.33962 0.18959
2009 12 28 18  0 0.00000 0.28276
2009 12 28 19  0 0.00000 0.32882
2009 12 28 20  0 0.00000 0.34556
2009 12 28 21  0 0.00000 0.31627
2009 12 28 22  0 0.77359 0.15788
2009 12 28 23  0 0.15094 0.04251
2009 12 29  0  0 0.05660 0.00781
2009 12 29  1  0 0.11320 0.00016
2009 12 29  2  0 0.09434 0.00000
2009 12 29  3  0 0.00000 0.00000
2009 12 29  4  0 0.00000 0.00000
2009 12 29  5  0 0.05660 0.00000
2009 12 29  6  0 0.00000 0.00000
2009 12 29  7  0 0.00000 0.00000
2009 12 29  8  0 0.00000 0.00000
2009 12 29  9  0 0.00000 0.00000
2009 12 29 10  0 0.00000 0.00000
2009 12 29 11  0 0.00000 0.00000
2009 12 29 12  0 0.00000 0.00296
2009 12 29 13  0 0.00000 0.06194
2009 12 29 14  0 0.00000 0.18398
2009 12 29 15  0 0.00000 0.32466
2009 12 29 16  0 0.00000 0.44012
2009 12 29 17  0 0.00000 0.44874
2009 12 29 18  0 0.00000 0.50150
2009 12 29 19  0 0.00000 0.48834
2009 12 29 20  0 0.00000 0.40501
2009 12 29 21  0 0.00000 0.33554
2009 12 29 22  0 0.00000 0.20781
2009 12 29 23  0 0.00000 0.06830
2009 12 30  0  0 0.00000 0.00864
2009 12 30  1  0 0.00000 0.00022
2009 12 30  2  0 0.00000 0.00000
2009 12 30  3  0 0.00000 0.00000
2009 12 30  4  0 0.00000 0.00000
2009 12 30  5  0 0.00000 0.00000
2009 12 30  6  0 0.00000 0.00000
2009 12 30  7  0 0.00000 0.00000
2009 12 30  8  0 0.00000 0.00000
2009 12 30  9  0 0.00000 0.00000
2009 12 30 10  0 0.00000 0.00000
2009 12 30 11  0 0.00000 0.00000
2009 12 30 12  0 0.00000 0.00248
2009 12 30 13  0 0.00000 0.05333
2009 12 30 14  0 0.00000 0.16778
2009 12 30 15  0 0.00000 0.25962
2009 12 30 16  0 0.00000 0.32946
2009 12 30 17  0 0.00000 0.38877
2009 12 30 18  0 0.00000 0.46549
2009 12 30 19  0 0.00000 0.49320
2009 12 30 20  0 0.00000 0.45166
2009 12 30 21  0 0.00000 0.34959
2009 12 30 22  0 0.00000 0.20094
2009 12 30 23  0 0.00000 0.06450
2009 12 31  0  0 0.00000 0.00769
2009 12 31  1  0 0.00000 0.00035
2009 12 31  2  0 0.00000 0.00000
2009 12 31  3  0 0.00000 0.00000
2009 12 31  4  0 0.00000 0.00000
2009 12 31  5  0 0.00000 0.00000
2009 12 31  6  0 0.00000 0.00000
2009 12 31  7  0 0.00000 0.00000
2009 12 31  8  0 0.00000 0.00000
2009 12 31  9  0 0.00000 0.00000
2009 12 31 10  0 0.00000 0.00000
2009 12 31 11  0 0.00000 0.00000
2009 12 31 12  0 0.00000 0.00381
2009 12 31 13  0 0.00000 0.06093
2009 12 31 14  0 0.00000 0.18405
2009 12 31 15  0 0.00000 0.28624
2009 12 31 16  0 0.00000 0.42042
2009 12 31 17  0 0.00000 0.38964
2009 12 31 18  0 0.00000 0.44834
2009 12 31 19  0 0.00000 0.52059
2009 12 31 20  0 0.00000 0.46158
2009 12 31 21  0 0.00000 0.34795
2009 12 31 22  0 0.00000 0.20672
2009 12 31 23  0 0.00000 0.07899
